handle_id,actor_id_ground_truth,handle_name,marketplace,pgp_fingerprint,category,created_date,last_active_date,status
H00001,A00001,nyxinhex99,marketplace_11,0A998F3749EA8D26E6DFB1529C40566171E1B68B,terror_financing,2023-02-20,2024-03-17,dormant
H00002,A00001,vexatrace,marketplace_8,7BFE5FBB58290C1567768D00F4507898DCBE86E9,terror_financing,2024-06-01,2024-12-31,burned
H00003,A00002,zerylghost,marketplace_13,93F2A8A8896471CA40F98DCC16A7FB95593F485A,drugs,2023-04-15,2023-04-28,active
H00004,A00002,neoin99,marketplace_19,AB89E3F12F63C9D1446ADE4A52FA5A10E8655F24,drugs,2023-08-16,2024-02-23,burned
H00005,A00003,nyxortrace,marketplace_14,16B0A60077B943C952199EAD4AFB65C07746053B,terror_financing,2024-02-18,2024-10-04,active
H00006,A00004,obsobyte,marketplace_9,3013DEC38F4609D384D33933F6686BD951F6FA70,other_illicit,2025-02-28,2025-12-08,active
H00007,A00005,darkamarket,marketplace_4,2387E98E13519BAD331045ABE82BA53CCE8CFD53,arms,2024-11-16,2025-08-05,active
H00008,A00005,shadexwraith,marketplace_19,DFE5CB04FF3DE128A07A3D7FBC4105FF52FA7A81,arms,2024-12-13,2025-12-29,burned
H00009,A00006,neoa_v2,marketplace_13,EE2FEA3F03CD10296EAB17EAFBE3370AB9B315F4,money_laundering,2024-02-17,2025-04-20,dormant
H00010,A00007,cyorstorm,marketplace_20,E6A3D13EE4F01DF5543CACD78CA9E44D9A6669B4,drugs,2023-07-20,2023-11-03,active
H00011,A00008,ravyldealer,marketplace_11,D9D030C4116859841961BE37C791CCDA1086E7B6,terror_financing,2024-12-28,2025-03-07,active
H00012,A00009,darkexmarket,marketplace_6,3C1D884580AE414A19FB2A7525DC2B76AAB96F03,arms,2024-11-30,2025-01-17,active
H00013,A00010,neooraven,marketplace_20,C3C890BEF196A2350266D36D240EA122158278DC,stolen_data,2025-07-29,2026-06-22,dormant
H00014,A00011,kryatrace,marketplace_14,212B39929ECC0F574C949B04310C296B6D455786,money_laundering,2023-11-20,2023-12-08,active
H00015,A00012,thren_v2,marketplace_19,292836FAB473926AFEA94BAD50A77D8B4AFEEB9F,stolen_data,2025-05-22,2025-06-28,burned
H00016,A00013,ghoexstorm,marketplace_20,82200C618F4BC794E2CB0754E554FB17F728B716,other_illicit,2023-03-25,2024-06-07,burned
H00017,A00014,hexobyte,marketplace_12,A3885CCB28C7CBBFF04E57286455B37DA3FFF65D,arms,2025-07-28,2026-03-27,active
H00018,A00014,darkulnode,marketplace_13,4141585C0926EFF57D4585AE27CC4306D435F132,arms,2023-09-07,2023-10-09,dormant
H00019,A00014,hexultrace,marketplace_16,DDB1D7FCB3D48F729D860030C6ADB34D88DB8C6D,arms,2024-11-06,2025-01-21,burned
H00020,A00015,zerathvoid,marketplace_16,9BC437E536CA15C024FD2287B21CC915FE069617,hacking_services,2024-01-15,2024-11-06,burned
H00021,A00015,shadylfang,marketplace_6,0528CBCC60229BB876EC085D329A388ECF7AEE0F,hacking_services,2023-06-23,2024-06-12,active
H00022,A00016,neoarraven,marketplace_13,DB08792CA25FAB6856F67786767B4332F01FBAF8,terror_financing,2024-10-10,2025-11-27,dormant
H00023,A00017,neoulcode,marketplace_17,1DF1BC5E3EA006C3AB85878FAB5FD6DBBC8E5473,money_laundering,2023-10-14,2024-05-14,active
H00024,A00018,neoexcode,marketplace_18,F05DF4AF981C35168F3EA8BB8B0D3B659BAFE2C9,other_illicit,2025-05-26,2025-12-17,dormant
H00025,A00018,darkexraven,marketplace_14,DC225A7AA98C8EBED550478265C332F10C23842C,other_illicit,2024-10-08,2026-02-19,active
H00026,A00019,darkexmarket,marketplace_10,501BAFE8E45ED9BF72E9BD849004B9F0FF90D970,money_laundering,2024-03-29,2025-02-22,burned
H00027,A00020,kryorfang,marketplace_14,5CC782D7898D625493EE8F6A041053984E07240F,other_illicit,2025-06-22,2026-04-15,active
H00028,A00021,nyxyl_v2,marketplace_10,1A2418C2F568C037CE716E36FC9A5138F96B1637,drugs,2025-03-15,2026-05-08,dormant
H00029,A00022,obsax,marketplace_6,701F4B275F2A11B434F7ABE60CB481FE9F65BAE8,drugs,2025-03-24,2025-08-22,burned
H00030,A00023,nyxinvoid,marketplace_18,BE0C50B7A2C6F49ADA332145163F631CF81B7206,arms,2024-06-27,2024-09-24,dormant
H00031,A00023,thra_v2,marketplace_6,1BDB1812926337C6675D3BED355CA5EBAABDDA76,arms,2025-08-08,2026-11-16,dormant
H00032,A00023,hexinhex99,marketplace_3,EEC0190490976A08431EB448B77892C62AF5F391,arms,2025-02-23,2025-12-11,burned
H00033,A00024,voryl99,marketplace_2,D370C191A4A741CE27D9C44A2F1C82CD44F6FC67,drugs,2025-08-01,2026-09-09,active
H00034,A00025,hexulphantom,marketplace_14,3DDBB6AB095BE4E176B42317490A39EF0A6668F4,drugs,2023-11-28,2024-11-22,active
H00035,A00026,darkoghost,marketplace_17,681E02C8B309C7C3AF256E0179AFC50BBB97818C,other_illicit,2023-02-14,2023-07-04,active
H00036,A00027,kryexphantom,marketplace_9,C7D74D9AE4646494D45A235A40ADD9E846345087,other_illicit,2023-12-16,2025-03-29,burned
H00037,A00027,vexohex99,marketplace_8,2F4FB5CFF45671D08D76625EFAE7DC1CAC13EE17,other_illicit,2023-08-26,2024-01-01,burned
H00038,A00027,nocox,marketplace_5,169EC99E5D914EE2354CDAE05E6E28A5323EB2C5,other_illicit,2024-07-04,2025-02-01,dormant
H00039,A00028,hexylcode,marketplace_2,5451D99E95346080EFF0F76FEDE207861541B141,arms,2025-02-25,2025-06-02,burned
H00040,A00029,shada99,marketplace_10,5595EB129ABC2D29F438AD66132F9DA8B4FFF579,money_laundering,2025-07-31,2025-09-23,active
H00041,A00029,shadathwraith,marketplace_11,6DD1AB60698299A03AAC056AAFF14F4EAED19A06,money_laundering,2023-01-02,2023-03-13,burned
H00042,A00030,throraven,marketplace_12,C5C539A18D2F7BE96953B162E0F46AF9A43461EC,money_laundering,2023-06-02,2023-11-02,burned
H00043,A00030,ghoophantom,marketplace_3,AE139096A6698AE384583036BA8497529AE140F1,money_laundering,2023-04-29,2023-05-11,active
H00044,A00031,darkul_v2,marketplace_3,B9A62E42E3E9EF7748BC5AAEF02F3BFE59B43C3A,arms,2024-03-12,2024-10-08,burned
H00045,A00032,kryul99,marketplace_10,775FC2A6DDA752F3EA3E59C23CAF1264044E9CE6,hacking_services,2024-06-29,2025-03-02,active
H00046,A00033,hexin99,marketplace_11,B20C491B10B3907DCACCCD65F46CBD49440204FD,hacking_services,2024-08-06,2025-09-26,active
H00047,A00033,vexor_v2,marketplace_10,D5EDECB75D0F78DB11FB3F248E227F291A0FEFAD,hacking_services,2023-03-28,2023-06-16,active
H00048,A00034,hexulghost,marketplace_10,81F51909F2428848880354EB587F51A244FDC7E5,terror_financing,2023-02-06,2024-02-06,active
H00049,A00034,thrylbyte,marketplace_20,8315ECF9F7CCF84D09ECA13BD8A8838CE76A5A00,terror_financing,2024-08-14,2025-09-03,active
H00050,A00034,cyenwraith,marketplace_6,EB7986102163324C53589E2E8DA85281CCA1885E,terror_financing,2023-01-13,2023-08-21,active
H00051,A00035,darkathwraith,marketplace_7,4D63E831228E0F401C84AC0FFDC270CF3BA9C12B,terror_financing,2024-09-16,2025-04-15,burned
H00052,A00036,ravinstorm,marketplace_11,51C69C3BF2E641607FC29FE01A1A1C36E47214F0,other_illicit,2025-05-11,2026-01-11,dormant
H00053,A00036,obsofang,marketplace_3,405193E5233F726DACA34A615A2384D5B5E7143C,other_illicit,2025-07-17,2026-11-09,active
H00054,A00037,shadexphantom,marketplace_16,9DF4648ED7515F29BD07633B7E681634FF5511B9,arms,2023-03-24,2023-04-06,active
H00055,A00038,hexathbyte,marketplace_11,31550F327EAD6A73A737D6C72FF1D46E5CB4E6B8,other_illicit,2024-09-23,2025-11-19,active
H00056,A00039,shadincode,marketplace_2,3EED5A795572DF6FE80D77AD740D11F1DCF3EF72,drugs,2024-12-09,2025-10-06,burned
H00057,A00040,ghoarphantom,marketplace_14,0F95E0EE4C5BE02CA19D862A1B13CBE1BB5264A7,drugs,2023-05-16,2023-11-25,burned
H00058,A00040,nyxulstorm,marketplace_7,7AB8D812BBEF3F9EB26E22C59235834F4609D4FB,drugs,2023-04-27,2024-04-03,dormant
H00059,A00041,cyofang,marketplace_1,ADAAFEE949587FB914B9E5595545731A4E8B561A,other_illicit,2023-10-26,2024-02-09,active
H00060,A00042,zerinwraith,marketplace_15,0CF4EA40A9F94EA3F14390C7EB2A1678602E2C6F,money_laundering,2024-07-06,2024-10-07,active
H00061,A00043,hexylx,marketplace_17,4DBCB09BB9E26EDE95DD42469FA2C20D8D5E465C,money_laundering,2025-08-24,2025-10-01,active
H00062,A00044,ghoulghost,marketplace_2,FE700489F39D5F7038F2BFD8F3B08514AE4B518B,hacking_services,2025-04-22,2026-06-29,dormant
H00063,A00045,ghoenphantom,marketplace_12,6535AA98B3B4049BFDA5364763DE2340FB9B4EA5,arms,2023-02-19,2023-07-27,active
H00064,A00046,threxfang,marketplace_4,94642D320FD16311F38129033665B0248BB57230,money_laundering,2023-08-16,2023-10-30,burned
H00065,A00047,hexentrace,marketplace_7,36FB5E35BCD67D3A3E34FB912AF3C9E9E7D9D62F,money_laundering,2023-10-16,2024-01-21,active
H00066,A00048,kryathmarket,marketplace_16,234CC352B6A6C37DF88CBFCF84E338FF740312F0,stolen_data,2024-11-19,2025-01-21,active
H00067,A00049,obsulwraith,marketplace_11,2FE69FF8A01D3CEACEE11595FD49CF3FFF51C8FC,stolen_data,2023-06-06,2023-11-18,burned
H00068,A00050,obsocode,marketplace_10,BB0AC3DBBDB177792293A50A1EDD80F0ACCA3F36,drugs,2023-03-04,2023-03-28,active
H00069,A00050,ravylnode,marketplace_11,9BD6F269819C723A82FD6B299DA6DC8E505F6E8D,drugs,2024-05-23,2025-02-14,burned
H00070,A00051,nyxexfang,marketplace_2,49DDA26D89587C7346079EFDD1658408851F012A,arms,2023-07-25,2024-02-06,burned
H00071,A00051,cyorhex99,marketplace_17,2C47338F273AAC7D643568ED81FB3ADF784BFB90,arms,2023-11-02,2025-01-28,burned
H00072,A00052,ravarvoid,marketplace_2,C9B37EC0C8927965EAD182FFDAD3582BDAE015E4,money_laundering,2024-12-08,2026-04-01,active
H00073,A00053,cyanode,marketplace_10,74DAEF485A962DB5CC70072E6851CD842B530DEF,drugs,2023-11-18,2024-09-17,active
H00074,A00054,thringhost,marketplace_7,FC4D6696D5D40987E7BE20F4AC6CD82311A7FB10,stolen_data,2023-07-15,2024-11-20,active
H00075,A00055,vexylcode,marketplace_13,1585FAE42AD483A14F8BD988AD5AF4E1641751F8,other_illicit,2023-11-06,2024-06-05,active
H00076,A00056,nyxo_v2,marketplace_14,BFEF343B269558605D27F3A093CB3A402EFE80A1,drugs,2025-07-05,2026-11-01,burned
H00077,A00056,noculcode,marketplace_4,619A12C2C857C2065CC9439FD94B3B6FECF8D2DB,drugs,2024-04-08,2024-10-01,burned
H00078,A00057,zeryl_v2,marketplace_14,74F29ED2F94497D91213DD3E8B8203E55C12D9AE,terror_financing,2023-04-06,2023-05-06,dormant
H00079,A00058,threxstorm,marketplace_9,5283D00C305FECF9BC92440630606F47D629E4FD,drugs,2023-12-16,2025-04-09,active
H00080,A00059,nyxathdealer,marketplace_5,0E769C1A03DDF91FCFF710DA28DF3FBED0596FBE,money_laundering,2025-01-26,2026-01-30,active
H00081,A00060,vorul_v2,marketplace_19,49CDBF5692F4565F3DF97610B8B5512AD3737F8A,other_illicit,2025-07-19,2026-07-14,active
H00082,A00061,threnwraith,marketplace_18,1EE33313536B59EF34BA436ED07FA9528BDB74D7,other_illicit,2025-07-06,2025-10-01,active
H00083,A00061,kryor_v2,marketplace_9,B0E4022AAC5D1C1419DC9AB084CE6EBC6921AC49,other_illicit,2025-04-01,2025-11-16,active
H00084,A00062,vorextrace,marketplace_18,0879D31B8B313E90EA77B994C73A6BE34DD221D4,other_illicit,2023-11-16,2024-08-18,dormant
H00085,A00063,zerormarket,marketplace_3,C8FDEFD544FE436EF15B3D33B9143B9B99F044D1,stolen_data,2024-01-14,2025-01-04,active
H00086,A00064,nyxowraith,marketplace_7,B21DF9EACF44EEE4A2DC7CA1E8250932616F0350,hacking_services,2025-04-18,2026-05-11,active
H00087,A00064,neoul_v2,marketplace_6,2AC1F0AD5D0AC823359458249D51A5019C3A4DA8,hacking_services,2025-03-16,2025-07-09,dormant
H00088,A00065,obsulfang,marketplace_4,FC381AED2F0D7083749DE264B57DE10E9501F88C,stolen_data,2023-09-03,2024-10-02,active
H00089,A00065,neoulmarket,marketplace_2,915292C348D6AA8E87AA6EA040F005DFC220E3BC,stolen_data,2025-05-12,2026-04-10,burned
H00090,A00065,darkowraith,marketplace_7,EB6E0708B62977FB18F606C38F5652424878608E,stolen_data,2024-01-02,2024-07-28,active
H00091,A00066,ghoamarket,marketplace_2,EFB1718DEA0C6A207D2765A9230FD0A873F7A1A7,other_illicit,2025-05-14,2025-12-18,active
H00092,A00066,obsathwraith,marketplace_11,E3211CA241E19D23119CC3D70ECED3A0EA633026,other_illicit,2025-03-05,2026-01-16,burned
H00093,A00066,zerinhex99,marketplace_14,DFE5741149DB944F9A9B04171DB6662A6FEAA9DA,other_illicit,2023-05-10,2024-04-10,active
H00094,A00067,hexofang,marketplace_2,7E67FAC6C50B02B0349E6B106695785A75605830,other_illicit,2024-05-22,2024-09-21,active
H00095,A00068,neoin_v2,marketplace_4,7BB5D234466CBAD71694A7184F62F25CBFE5ABFF,money_laundering,2023-12-13,2025-04-15,dormant
H00096,A00069,ravulbyte,marketplace_13,676E7C69DC5B82429EB71EADEEDDBFA8C05E782B,stolen_data,2024-10-15,2026-02-08,active
H00097,A00070,vexavoid,marketplace_17,7332B16A6A898648099BCC0F4C776F7EEA2A6DD6,stolen_data,2024-06-09,2025-03-25,dormant
H00098,A00071,darkulcode,marketplace_18,90FBA7DDC9A0144ACC6C2C6F3AE925351F0562C9,terror_financing,2023-01-31,2023-08-20,active
H00099,A00072,shadylmarket,marketplace_17,05ADC534DF2C6469DF596E8604E2C7AFEE129EB9,stolen_data,2023-03-13,2023-11-10,dormant
H00100,A00073,darkul99,marketplace_6,EC53C1758926FD3B23ADE5861E02ECAC6C10834A,terror_financing,2024-03-01,2024-07-16,dormant
H00101,A00074,vexar_v2,marketplace_3,4F85503593C52084EB5616E13C9E101C67B7620D,hacking_services,2023-03-26,2024-01-10,active
H00102,A00075,hexanode,marketplace_11,51D3AA66CD3763BA50CA0C6E728B126D9F3583AC,other_illicit,2023-08-14,2024-12-26,active
H00103,A00075,vexyldealer,marketplace_7,2A0EC7070397D7214BF964C617EA48A1D907AA76,other_illicit,2023-12-07,2024-03-15,burned
H00104,A00075,hexarfang,marketplace_3,CA5E02F26146425672DE9567D5799E68F2BCC5FE,other_illicit,2023-02-25,2024-06-13,dormant
H00105,A00076,thrathtrace,marketplace_14,CD29458CE9E9CF2A4F64600BFCDCBCF92D13C56D,terror_financing,2025-02-17,2025-05-17,active
H00106,A00077,vexylbyte,marketplace_12,CD77F1B048E4875032CC26D5D89C9D23B486C905,other_illicit,2024-12-27,2025-09-13,dormant
H00107,A00077,cyormarket,marketplace_17,D9D55B546F53E6561568DE35292C382A07FF3018,other_illicit,2023-01-02,2023-03-02,active
H00108,A00078,ravox,marketplace_2,8FFADABAA7BCC1BA30EC40387BEFD60A0B1AE7FC,stolen_data,2023-08-05,2024-05-08,burned
H00109,A00078,vorordealer,marketplace_4,3C96414F29E5E3F776523D05AC878F34F2A72ACC,stolen_data,2025-03-24,2025-05-14,burned
H00110,A00079,ghoawraith,marketplace_14,2A63B4AC0916CDAB473C0EA497FE4941A938F6F9,arms,2023-09-23,2023-12-01,dormant
H00111,A00079,vorexstorm,marketplace_8,715FC950CADFBCC2996C34A19E54EF946660B34C,arms,2023-03-02,2024-04-29,dormant
H00112,A00079,darkowraith,marketplace_19,BF513AD4C7137CF95C2EC8EB03323F70F835CFD9,arms,2024-11-26,2026-02-09,burned
H00113,A00080,hexennode,marketplace_11,C0CF2363550EA31465281239B5D07919E4FAB631,drugs,2023-03-07,2024-03-16,active
H00114,A00081,thrarcode,marketplace_5,6B84D288C5CE28D46286B5D4ADC072833D2A2BA8,hacking_services,2023-11-03,2025-01-24,active
H00115,A00082,kryarx,marketplace_8,3359F3B98315AC5BCF480444C81B7DE5EBE98D79,other_illicit,2023-01-11,2023-03-12,active
H00116,A00082,kryylphantom,marketplace_9,22725129F0D4FF3C060DB71E5752B4B1DFC5B3A7,other_illicit,2025-08-28,2026-02-10,burned
H00117,A00083,ghoinstorm,marketplace_4,0C691EF1B0EA9B30B5CB03DF624D3F0487FCB9BD,drugs,2023-11-03,2024-07-17,active
H00118,A00083,ghoa_v2,marketplace_10,E54BD0B636914CDA156F83DFF4ACC433044B071A,drugs,2024-07-03,2025-09-01,dormant
H00119,A00084,nyxa99,marketplace_1,74578387D6F3564734C1864D0621CD977ADF1D19,money_laundering,2023-10-24,2024-03-26,active
H00120,A00084,ghoyl99,marketplace_14,7A15101A69F83D58FBA93304ABBB786C2343166E,money_laundering,2023-10-03,2024-04-16,active
H00121,A00084,zerulraven,marketplace_16,9F64146D8BBE3D2FD05849116CF25ECCC8650560,money_laundering,2023-03-18,2024-07-22,burned
H00122,A00085,thrarghost,marketplace_17,83571791484817630BBA284D9A10B785803C86E7,other_illicit,2023-09-23,2024-03-06,active
H00123,A00086,throrcode,marketplace_19,E7DB4F2F5E556F590955C6242D7EC3403CC03014,terror_financing,2024-10-06,2025-12-03,active
H00124,A00087,obsotrace,marketplace_9,3A264FE59AF4718301393D40707DC4B97C3F5373,other_illicit,2025-08-19,2026-07-16,active
H00125,A00087,obsylwraith,marketplace_5,B2145DA5D499B38FB82044A4CEF23D842A45CBAF,other_illicit,2024-01-01,2024-02-19,dormant
H00126,A00088,vexylcode,marketplace_14,7CDFF7C2D727B060BF431BB49E4D7671434C0DB1,arms,2024-09-08,2025-10-29,active
H00127,A00089,thrextrace,marketplace_3,4B42720D45F49FDAE093411550CDE897D582C46C,arms,2025-05-07,2026-03-17,burned
H00128,A00089,kryexphantom,marketplace_16,EFACC51BD68332BA0795326096617821F11A290B,arms,2023-02-27,2023-06-29,active
H00129,A00090,nocylcode,marketplace_17,3AD340CF1954E227645AE4A9BD1C7624F30492F3,stolen_data,2025-02-08,2025-09-06,dormant
H00130,A00090,hexinnode,marketplace_7,28BB225E8F8E43F1B9CD4EBAB2DE81170439C5C2,stolen_data,2023-11-18,2024-02-22,active
H00131,A00090,nyxahex99,marketplace_11,EEE3253CD6CA2AAF6F38E14F46A1C1BDF6160D88,stolen_data,2024-02-02,2025-05-04,active
H00132,A00091,cyin_v2,marketplace_3,D68512DA956BDFF5DBC0624AA04E4FA3D80E4E31,other_illicit,2023-10-08,2024-05-12,active
H00133,A00092,ravexx,marketplace_7,6B660BB0993FEDDBBDA35EDB55DC9D932320D3F3,hacking_services,2024-12-14,2025-09-29,dormant
H00134,A00092,ravoghost,marketplace_14,D67EC36F3BEDC0B79889D70D1004BAA5D7C6C1D4,hacking_services,2024-05-30,2025-04-02,dormant
H00135,A00093,kryarwraith,marketplace_6,43C85A6220D0402C04EB577967C81824033E3349,hacking_services,2024-06-13,2024-09-12,active
H00136,A00093,cyadealer,marketplace_13,B6C3F0D2F26DCAE5590513ABF058360046B360A4,hacking_services,2025-07-05,2025-10-15,active
H00137,A00093,nocexvoid,marketplace_11,8F62B9EFDC68568C3956FDED8A3CD6BB2E518D9B,hacking_services,2023-03-27,2024-04-12,dormant
H00138,A00094,kryexhex99,marketplace_6,726BB4A30A0A6EA72C966382DDAA661FF18D33E5,arms,2025-04-08,2025-09-30,burned
H00139,A00095,shadintrace,marketplace_13,0E94C11A02F3D98ABC2AF1C9EF3B3071043AD752,other_illicit,2023-08-31,2024-07-01,active
H00140,A00096,nocovoid,marketplace_12,131928AC854E34A4DE37FF8AF72892B7622F1606,money_laundering,2023-01-06,2024-05-08,dormant
H00141,A00096,neoathwraith,marketplace_18,A6A9E4347BCE6C628D5934E3370E580FEB832BD6,money_laundering,2025-04-18,2025-11-11,active
H00142,A00097,shadathvoid,marketplace_14,B31CD696C58FD31737311872387CCC378F656B99,hacking_services,2024-06-04,2024-12-01,active
H00143,A00098,obsathghost,marketplace_17,75A255AE40FDA058250BF0F7F3109754339AEFB8,hacking_services,2025-07-18,2026-07-21,dormant
H00144,A00099,vorinraven,marketplace_15,F3804D74BF07DB626C38E58BACD8961A3DEB930F,stolen_data,2023-01-14,2024-03-22,active
H00145,A00100,obsennode,marketplace_5,9F9290E16931F90DB0184B942846D2971FB7CDC3,arms,2024-06-19,2024-11-24,active
H00146,A00101,vexylcode,marketplace_20,684D69929E5CD34EABEBDEDDE00D2497B491C4C0,other_illicit,2024-07-31,2025-03-21,dormant
H00147,A00101,thren_v2,marketplace_10,12183A39FA13164F474990F6320433763F0EC139,other_illicit,2025-04-06,2026-05-11,dormant
H00148,A00101,thrarvoid,marketplace_6,E3D4054756FF993FB8CC3EDD409E3C091E1B4EE8,other_illicit,2024-05-10,2024-08-22,active
H00149,A00102,hexenx,marketplace_12,254BAE489C2FCF584ABC2105733FFA7735CD2183,money_laundering,2023-08-04,2024-02-08,active
H00150,A00102,cyathhex99,marketplace_17,05A3EC4668FE9765D62036140BD2A5F66FBB42ED,money_laundering,2025-05-17,2026-06-14,dormant
H00151,A00102,obsacode,marketplace_19,933F71A0798CB259279C13F801AD86A146A17F21,money_laundering,2025-06-13,2025-07-29,active
H00152,A00103,darkinbyte,marketplace_14,31F7BDF970106C0F1CC4DD43E3BB6AD177207D10,terror_financing,2024-05-05,2025-09-11,active
H00153,A00103,cyocode,marketplace_3,E591AB794CF32286FB7E9B978A31BDF82647963B,terror_financing,2025-04-12,2025-05-21,active
H00154,A00103,nocath_v2,marketplace_18,30F188C9218CF0CCE176C5D191B0A860ADD13C9E,terror_financing,2023-02-06,2023-06-16,dormant
H00155,A00104,ghoexx,marketplace_19,E74088279AC18B88039A85EE0E0E1BF6D128A2E5,stolen_data,2025-02-26,2025-11-28,active
H00156,A00105,darkarnode,marketplace_9,417315EA171880B17B32E3276ABD2D940ABADBF9,money_laundering,2025-06-08,2026-02-26,burned
H00157,A00105,voroghost,marketplace_20,4036AB6C14C227D31FEA8697A7B7EA37EDB2B2BF,money_laundering,2023-02-01,2023-05-04,burned
H00158,A00106,threxfang,marketplace_14,D489AA32DD4F65E053D8F341D0524CDB4C793AA3,terror_financing,2023-08-24,2024-06-20,active
H00159,A00107,kryath99,marketplace_12,9F45240BECAE58379FA1D9ACA5416D8A3B95398F,stolen_data,2024-04-04,2025-07-24,dormant
H00160,A00108,hexinwraith,marketplace_6,7843650160F0B69DE4E933EDF82483B272A5A8E2,other_illicit,2023-10-23,2025-02-24,active
H00161,A00109,nocenraven,marketplace_2,61074C768F4F5F946260D2F651D8C7BF5979FFCB,hacking_services,2023-04-13,2024-08-12,burned
H00162,A00109,cyarwraith,marketplace_14,9DEA7D35EA3BC4FFD70986D1A8ADCEDC818F7A19,hacking_services,2024-05-07,2024-10-15,dormant
H00163,A00110,zerarwraith,marketplace_19,A400C2AB216B65C795BAD670103CF1599077183C,stolen_data,2025-06-15,2025-09-18,dormant
H00164,A00111,cyamarket,marketplace_9,D0043C69AD098E638FC9D27D8F97C0FCB3E70C7E,terror_financing,2025-06-01,2025-07-24,active
H00165,A00112,vorexphantom,marketplace_4,356F724CF71F8D9A41AD086FFA7AEF23D2C40535,stolen_data,2024-10-20,2025-04-07,active
H00166,A00113,kryathnode,marketplace_4,F4DC093D98AB5496B8FE6A45F0AD54F209663EA3,drugs,2023-02-09,2024-05-17,active
H00167,A00114,vorenfang,marketplace_20,B0689D9BC86243685834CA8F650762445F0A214E,stolen_data,2023-06-10,2023-07-24,dormant
H00168,A00115,cyarx,marketplace_11,CCFB9A26584DEF83DB50BEBD66CB506EB609A3B8,drugs,2024-05-27,2025-06-30,burned
H00169,A00115,obsinbyte,marketplace_10,8FC18810FEF5F31B04542D31E1A3860AA5B0CD12,drugs,2025-08-01,2025-08-17,active
H00170,A00116,cyex_v2,marketplace_17,186D5098B3AE2E232525A0506BE2796491C9584A,hacking_services,2025-01-16,2025-06-11,dormant
H00171,A00116,neoinstorm,marketplace_5,598E82FBBBE51C46DB96A82686E8135F4EABC1A3,hacking_services,2023-08-20,2024-10-30,active
H00172,A00117,vorylwraith,marketplace_1,5B95E50EEDCF78BAFC9173DD8C0559644A1294BE,arms,2024-03-07,2024-11-15,dormant
H00173,A00117,shadexstorm,marketplace_6,5992576D274B0F5B3FC6FCE73C4A4CA9DC2BF075,arms,2023-06-19,2024-02-19,active
H00174,A00118,shadulx,marketplace_11,274F6169D2AC5D499CF18D55C3E2B3C05A4CE0FC,money_laundering,2024-05-28,2025-08-02,dormant
H00175,A00119,vexa_v2,marketplace_10,BFAB35DC240A86ED1E913FEB1B8DA90859BD0EA9,terror_financing,2023-09-22,2024-10-15,active
H00176,A00119,vorox,marketplace_14,752344FD8BE7E12AB143C2A9DC0582D368971BF6,terror_financing,2024-09-02,2024-11-08,dormant
H00177,A00120,vexox,marketplace_6,5980D60D488EA3770A729EDACF0AAABE4EF65C8C,stolen_data,2023-10-11,2024-07-03,active
H00178,A00121,zerylphantom,marketplace_19,6B99AEE045BDD09F7C4C33C663955CDB6D8AB3AC,arms,2024-10-08,2025-06-24,active
H00179,A00121,nyxathghost,marketplace_3,E55C90AE53CDDD60742D0A75F2B0C65EB75F6A49,arms,2025-05-29,2025-12-31,active
H00180,A00122,neoul_v2,marketplace_7,75E3A57E201DFC2D830EF19C1BCED334835BDA47,money_laundering,2024-04-17,2024-12-18,dormant
H00181,A00122,cyylphantom,marketplace_19,EF78A9EAE88144907BB9959FE94449C87069408B,money_laundering,2023-08-04,2023-12-27,burned
H00182,A00123,hexexhex99,marketplace_17,4ABCF5F5FC02A79674836BFE076B1C3A2821E778,drugs,2024-05-03,2025-03-25,active
H00183,A00123,vexarfang,marketplace_13,E5188262491677FE31A26F3E2F636F90D3E6E08D,drugs,2024-12-07,2026-04-10,burned
H00184,A00124,nyxenghost,marketplace_6,987A89E35F0AFF552D93EA5637699AF3964A56C5,stolen_data,2023-12-03,2024-08-28,active
H00185,A00125,zerath99,marketplace_6,878F9B49ABAE9DCD0C1DB4E806689B0ADCA66E83,hacking_services,2023-11-30,2025-04-12,active
H00186,A00126,noculdealer,marketplace_11,1CF78C131A8BE93F42AD44962E7A89042ABE65AE,hacking_services,2025-01-10,2025-09-22,active
H00187,A00127,nocinvoid,marketplace_11,043DDCF11B0D1AF9A222352E62D8EE4A25AED0C9,drugs,2023-07-23,2024-07-13,active
H00188,A00128,neoyl99,marketplace_13,487AE6B4646953014B2AA76695D876B04E3C0E6C,drugs,2023-01-20,2023-02-03,active
H00189,A00129,ravorwraith,marketplace_13,253563FBAD662BF83E00CDC3BB92D972CF08A147,other_illicit,2023-07-23,2023-11-15,active
H00190,A00130,darkathbyte,marketplace_5,169BD5D5545B350F69CB8A00A0F14D1C5530B72D,hacking_services,2024-06-15,2024-09-12,active
H00191,A00131,thren_v2,marketplace_16,409FF84AB3FF64744723C9377859AE84ADB41C16,other_illicit,2024-04-20,2024-11-28,active
H00192,A00132,neoexx,marketplace_2,A0FFB6CE6E8E38AA58AFE3A82BD0437E3394B9ED,arms,2025-05-05,2026-06-25,burned
H00193,A00133,hexenstorm,marketplace_3,4706B41B75B53574D681C9CDFEA490289621D44F,hacking_services,2024-02-12,2025-04-16,active
H00194,A00133,neoornode,marketplace_17,DC67B2784C346E48A0393F7E93E42A81C83ED5F9,hacking_services,2025-02-21,2026-04-20,active
H00195,A00133,cyulhex99,marketplace_6,7FDD13888AD8B203F7F7D83FCC133337BDC1BEE1,hacking_services,2024-06-19,2024-08-20,dormant
H00196,A00134,darkoraven,marketplace_14,39D0E8BBB78E1AE856ACB5F2AB7A932CAF5C68FB,hacking_services,2023-08-10,2024-06-05,active
H00197,A00134,hexylnode,marketplace_1,5A036995C2622C84ABC4C392A7E17480F7777E64,hacking_services,2025-04-05,2025-11-25,active
H00198,A00135,nyxath99,marketplace_1,6D5CC8B8DBB7AB24A743FA37B7E81EEFD250E1BF,money_laundering,2025-05-28,2026-04-16,active
H00199,A00136,nocinvoid,marketplace_12,0FD4C6E99A7D4A01B322D567550F3A23CCDCF4A5,arms,2023-03-08,2024-07-18,active
H00200,A00137,hexindealer,marketplace_6,258C67B2AE38011B35000AC90B256F56B34B5E54,terror_financing,2024-12-25,2025-08-12,dormant
H00201,A00138,hexaghost,marketplace_2,93B553F64AECE32A7B47F6C1B1F32AC69A4E69DC,hacking_services,2025-08-15,2026-05-27,dormant
H00202,A00139,cyyldealer,marketplace_16,C9F9116295A1019C6B1D5B163E57A26F601C6390,hacking_services,2023-01-25,2023-10-13,active
H00203,A00140,neoylx,marketplace_11,14478D968D0DDC86F80C1E472335F25A58C99983,other_illicit,2024-02-04,2025-04-12,active
H00204,A00140,hexarphantom,marketplace_6,F641FF3371C5227DBE4E166A104A85BE61CC4927,other_illicit,2024-02-09,2025-04-15,active
H00205,A00141,nyxo_v2,marketplace_11,27954A132D05AB14370C01C37120FC9CE7F8BEF4,money_laundering,2024-11-04,2025-11-18,dormant
H00206,A00142,ghoexx,marketplace_12,85B0D941ED7C4B6CDDEEECEBAAC467666BEDB96C,arms,2023-08-18,2023-11-09,active
H00207,A00143,ghoul99,marketplace_18,166A5CD5E06C584C64DAE74FA1322001A2AB6469,stolen_data,2024-10-29,2025-06-27,active
H00208,A00144,thrathdealer,marketplace_11,A5993545D3D5F8734E314CFCF50BE5E0FBA2B254,hacking_services,2024-08-20,2025-12-06,burned
H00209,A00145,cyarraven,marketplace_13,92BF0D5B8680FA51798EDA18E2A14009C6FCC18C,drugs,2025-07-27,2025-10-21,active
H00210,A00146,kryorraven,marketplace_17,4B86F982E2A3043725B2472200A24EA331462522,money_laundering,2025-05-24,2026-07-09,active
H00211,A00147,nocax,marketplace_8,A6F6F5F91E502568463265A75C9D96D8B7089521,stolen_data,2023-08-04,2023-09-08,active
H00212,A00148,throrphantom,marketplace_2,E02AB28AEBFBF9FA6751BDEEACEEE44CD04AC4CB,stolen_data,2024-09-26,2025-10-27,active
H00213,A00149,darkarwraith,marketplace_6,0CF48A60FC59876FFDD5F1B32AF947F6DF095A9D,drugs,2023-06-04,2024-04-12,burned
H00214,A00150,vorylcode,marketplace_5,BF20EBD76A7AF8AA64A777FF0A3C4A2FE82EC684,money_laundering,2024-06-26,2024-11-27,active
H00215,A00151,vexoraven,marketplace_2,BF48AFA66391697CD09864900D2BE4EC5EA38E86,drugs,2023-09-10,2024-01-12,burned
H00216,A00151,darkulcode,marketplace_16,A031AFB4AC0DAC5A19A114F22443572BBA2DA2FC,drugs,2024-04-09,2024-09-11,burned
H00217,A00152,kryexphantom,marketplace_14,6E538771017F117744AACC09F0D216167F0B2B5C,stolen_data,2024-10-19,2025-12-07,active
H00218,A00153,noculghost,marketplace_1,8BC568A6A8C39E0EC6531C366969BE178609065A,arms,2025-07-26,2026-06-22,active
H00219,A00154,nyxornode,marketplace_13,FF97230010809EC531B66DB28D0913948E630F50,other_illicit,2025-01-07,2025-07-03,active
H00220,A00155,hexulvoid,marketplace_8,80F2462CC01FDED501289F680867E01DF719B2BE,stolen_data,2024-04-11,2025-07-10,dormant
H00221,A00156,vorencode,marketplace_12,ABD5CBEB94FDBD284ABEE51A4A546C2D3130857A,stolen_data,2024-11-05,2026-02-19,dormant
H00222,A00157,kryenx,marketplace_12,7BD37E4603F4297C96360009365228E3DBC09ACB,arms,2024-07-15,2025-11-16,active
H00223,A00158,nyxulbyte,marketplace_20,F1FAB08FC3DBF0C1F2F82273ECA7F1A9E6D3040E,drugs,2024-08-26,2025-12-19,active
H00224,A00159,obsorbyte,marketplace_15,83F5E9519AD3426FF70C5C1957AF7E335440EFBD,terror_financing,2023-10-09,2024-10-09,active
H00225,A00160,nyxovoid,marketplace_12,DD2228BFC74305256EB8F25D3176494C0B103809,stolen_data,2023-04-19,2023-11-29,active
H00226,A00160,neoathstorm,marketplace_18,6FFF635C24442F257DB78D1D1AC06BCE74FD579F,stolen_data,2023-11-24,2025-03-19,active
H00227,A00161,zeracode,marketplace_1,1B8C8EA9A9FFC4FA2FA288897AA76B96AD88D649,arms,2024-03-03,2024-04-15,active
H00228,A00162,neoathmarket,marketplace_12,53976A5FB7CF8EA48283CC0268FE8D681DF3FDCA,stolen_data,2024-07-20,2025-01-10,active
H00229,A00162,cyylbyte,marketplace_18,1283843D61103A89D7778B740A75C60528F337D7,stolen_data,2023-05-24,2023-09-03,active
H00230,A00163,hexarvoid,marketplace_6,3079DCE6732DEE4CC086FDAA0FCE6B42C5C66ABC,terror_financing,2025-07-02,2025-10-08,active
H00231,A00164,kryuldealer,marketplace_10,072E0CBBC0FDED2D8B78B8F55761CB172521828E,other_illicit,2025-07-09,2025-11-14,active
H00232,A00165,hexexfang,marketplace_14,D95272159FD5706223853EB54570A5801C451F44,arms,2023-10-13,2025-01-10,active
H00233,A00166,nyxar_v2,marketplace_12,537512C409EFCCEBC8D5F4162B93DCC9B0AF606D,other_illicit,2025-03-12,2025-08-11,active
H00234,A00166,obsexghost,marketplace_19,C7407E8FCEEB6E4D17439B1BECD29BF1F2BA6950,other_illicit,2024-04-05,2025-07-01,active
H00235,A00167,shadenstorm,marketplace_18,B0ECAEBA9B13EFD124CAE84462C8C7119046D6D4,stolen_data,2023-10-04,2023-11-13,dormant
H00236,A00168,shadanode,marketplace_9,18F27E5F32EABF8AA48770DF8A9FC19834777E43,hacking_services,2025-07-27,2025-11-21,burned
H00237,A00169,kryulraven,marketplace_14,9275F2A1DCD4DF0AB397FFC6CD7975A5AC232204,hacking_services,2025-01-30,2025-09-01,burned
H00238,A00170,ravexbyte,marketplace_3,0F5149BB2159A3121065CF3892942E853F791CA5,hacking_services,2025-08-14,2026-10-04,dormant
H00239,A00171,vexor99,marketplace_12,79A67E44121343E4429AA7FDD396F1B5C6B2118C,hacking_services,2023-11-10,2024-04-18,active
H00240,A00171,nyxorraven,marketplace_17,E4ADA5058D2FA4147F865D10BABA03F664A8C6D1,hacking_services,2025-04-12,2026-01-01,dormant
H00241,A00172,nyxoghost,marketplace_19,A0D2FDE7A7E89178C80717E7C0D128D091F6937C,money_laundering,2024-07-05,2025-08-05,burned
H00242,A00172,darkenstorm,marketplace_18,0D2A7F0348598D5D65B3992243072853EA3E3F82,money_laundering,2025-01-13,2025-07-10,active
H00243,A00172,vorexx,marketplace_10,6802254A56FB0ACD3C656F27FECAB611E60B0BAD,money_laundering,2025-03-18,2025-05-14,active
H00244,A00173,obsenwraith,marketplace_15,4FFA31A79D9131948C48AD2B2F99D009A5243B33,arms,2025-05-13,2025-07-11,active
H00245,A00173,voranode,marketplace_3,6271892993C19D2A8142303F1FBC38572A5530F6,arms,2025-02-25,2025-08-24,active
H00246,A00173,threnfang,marketplace_5,D086F71D6C69B4CD9873D8F03C684537417712C4,arms,2023-06-23,2024-07-14,active
H00247,A00174,vexarwraith,marketplace_4,0D3A6E443BADC8E646CB67FF8D180DE511E96D39,stolen_data,2024-08-11,2024-08-22,active
H00248,A00175,shadathmarket,marketplace_6,2EB97E68FC85F7E407FC7438B8389C02379875F0,drugs,2024-03-12,2025-04-19,active
H00249,A00176,shadathstorm,marketplace_11,539D886CB3CF67A1ABF7AF7D02347D16ED23E476,stolen_data,2024-08-04,2025-02-04,active
H00250,A00176,shadintrace,marketplace_18,D38E62A732871F850F6DA32780DBBE5030865571,stolen_data,2024-01-15,2024-03-14,active
H00251,A00176,neoarcode,marketplace_14,9E1E74136B9D425FC05B15D325624D3D758AE56E,stolen_data,2023-07-20,2024-09-25,dormant
H00252,A00177,ghoulstorm,marketplace_15,06C9CE234173FC4157471272A288A451DF64724E,terror_financing,2023-10-13,2024-04-01,active
H00253,A00178,ravyl_v2,marketplace_18,58A0100002A5226F3EB104BAC3998524F9F24591,drugs,2023-03-24,2024-04-14,active
H00254,A00179,nyxobyte,marketplace_2,1087CBA2B84CC37D487AB1B95C11F1D67DEB0542,drugs,2024-06-03,2025-01-21,active
H00255,A00180,throrvoid,marketplace_2,30885FF76C62C87424C959D9507D4BD63982E1C9,stolen_data,2025-08-08,2025-10-19,dormant
H00256,A00181,thronode,marketplace_12,C7BA59602FC9D89073B758A4E1A19197666B68A3,hacking_services,2025-02-14,2025-07-22,dormant
H00257,A00182,nocul_v2,marketplace_5,E316726F64CA71D122FAC3ED0056003AD3407CAF,arms,2023-04-03,2023-05-31,dormant
H00258,A00182,ghoulwraith,marketplace_4,D06CBB41292393977CFA04D6556427E8AAD22819,arms,2023-09-28,2024-10-15,active
H00259,A00183,shadyltrace,marketplace_14,A7FCDD1334D01616BCC20C4E2A63568AB1D5D3FF,drugs,2025-08-21,2026-09-17,dormant
H00260,A00184,ghoinbyte,marketplace_5,3790E6A97F4D167B313BE01B29950E85CDC9E294,terror_financing,2024-06-21,2025-08-30,burned
H00261,A00184,obsorfang,marketplace_7,4A390965635794DC1D0F4C3ED0E56977AB74090B,terror_financing,2025-03-13,2025-09-26,dormant
H00262,A00185,obsul99,marketplace_4,A04CB4D82CCBD260FD346AA3868C4798105F700D,drugs,2025-07-12,2026-07-12,burned
H00263,A00185,hexorphantom,marketplace_5,13C6226A012C18292A1ED56ED41B7880FEE9C51E,drugs,2024-02-05,2025-05-24,active
H00264,A00186,vorophantom,marketplace_14,FFC15280C82666E724AB56BC3E2E0653250C37D7,stolen_data,2024-09-02,2024-11-21,burned
H00265,A00186,darkathdealer,marketplace_5,BC366E299815A14C913D8917E683CF34EF552052,stolen_data,2024-11-16,2025-05-07,dormant
H00266,A00187,cyarvoid,marketplace_19,D5AFE7D7735AD0A7E0FDC3EF1CF7C40B0C42557B,stolen_data,2025-04-27,2025-08-08,active
H00267,A00187,cyorhex99,marketplace_18,0AE38C42524ACE187D90541A17D8949A229BEE1E,stolen_data,2024-11-21,2025-02-20,active
H00268,A00188,zeror_v2,marketplace_6,CF650E8C22EFFC4DF44A6F1A0C57B180BCCAE103,hacking_services,2023-08-29,2024-12-09,active
H00269,A00189,nocylhex99,marketplace_18,885CEC64B95748C763AC582A5AF5AC55C77AB373,stolen_data,2023-06-30,2024-08-11,burned
H00270,A00190,vexathmarket,marketplace_12,8CA0AF987069323FF516A7812B6C92A9E3AA6365,hacking_services,2023-01-27,2024-06-07,active
H00271,A00190,neoordealer,marketplace_20,37DEA10843921B5EC3F14F08B47BC54ADD1ADEE8,hacking_services,2024-09-26,2026-01-02,active
H00272,A00191,zerylvoid,marketplace_5,ADBA954932DA0401149B772743AA260AAF16D539,drugs,2024-12-24,2025-06-24,active
H00273,A00191,zerenx,marketplace_16,CF4F7DEE9D404B5B9626534624640921C027D8F5,drugs,2023-10-19,2025-01-06,active
H00274,A00192,darkathx,marketplace_15,2E55BFEA8B8F4C41A42EC73C15E3F52E66E650A5,stolen_data,2023-01-25,2023-11-03,active
H00275,A00192,obsulstorm,marketplace_12,D53DA297475AB76A98D3FEF75C970A88F35EE055,stolen_data,2023-06-08,2024-04-08,dormant
H00276,A00193,vexul_v2,marketplace_2,F36FA4744034BC165118FEEB6BB57C1160897C2A,drugs,2023-12-06,2024-04-20,active
H00277,A00194,darkarphantom,marketplace_12,045B0296F86160DF26F234C1443653EDE413233C,hacking_services,2025-05-05,2026-08-04,dormant
H00278,A00195,obso_v2,marketplace_6,4AE766196DCA605E934953290C4A0A449C406BBC,drugs,2023-02-12,2023-04-24,active
H00279,A00196,obsulhex99,marketplace_1,4F037E3486DBABC946082404F1D3B5F7F8151E2D,other_illicit,2025-01-02,2025-12-19,dormant
H00280,A00196,shadorfang,marketplace_7,4493AA8507917130BCFEBD92BEBB9D578F348ED0,other_illicit,2025-06-01,2026-04-09,active
H00281,A00197,ravenwraith,marketplace_2,160D73EC82F5D103BE3403A1E261DE371E7A219B,other_illicit,2025-02-26,2025-05-07,burned
H00282,A00198,darkastorm,marketplace_16,00D5BBEDD8F0630A66C5E8DCD42B274F0118CDD3,arms,2025-03-31,2025-11-01,active
H00283,A00198,obsophantom,marketplace_10,31EFE381087280A72A51819FCF726EE3DC93DC34,arms,2023-12-05,2024-10-30,active
H00284,A00198,shadathdealer,marketplace_7,8775AD5693E0285D406E1E532D1508327BE432E0,arms,2024-05-11,2024-10-14,burned
H00285,A00199,vexentrace,marketplace_19,2C89453EB7EBE051081DFAF256C29C225F85D4EC,drugs,2023-10-24,2025-02-20,burned
H00286,A00200,vorarwraith,marketplace_16,82D3BD1F75F97ACB3EC591D9CC78D08E942E04A3,drugs,2023-02-14,2023-12-22,dormant
H00287,A00200,hexylfang,marketplace_2,D84078C71D48CF4E2D02292637B56D376FD0A571,drugs,2023-05-26,2023-08-25,active
H00288,A00200,zerax,marketplace_9,A05B89F4833DA16980DC2FF24810CE4382E8D37A,drugs,2023-11-25,2024-09-14,burned
H00289,A00201,ghoen99,marketplace_13,7CE9C92AA8A133451FB7C1B32F2D17C6DA7D438A,hacking_services,2024-10-03,2025-04-23,active
H00290,A00202,shadoghost,marketplace_13,498519CC8DDFD1AD8509ADBFEA0E9A760D47B8CC,drugs,2024-05-12,2024-05-25,active
H00291,A00203,ghoowraith,marketplace_6,CAB710D5535495EDFF9C4A2C0325832B8C1003FC,drugs,2023-12-11,2024-12-13,dormant
H00292,A00203,zerexstorm,marketplace_14,25BE08E4D85D24351687FA7DBC1EB5B859437A8B,drugs,2024-12-29,2025-09-18,active
H00293,A00204,vexylghost,marketplace_14,EA4623464E9F2EEC6795F506C52FB012C718A61C,drugs,2023-09-18,2024-03-02,burned
H00294,A00205,darkinfang,marketplace_8,A790132CEF92DB5888B88D16B2F6E30A734E8CD4,terror_financing,2024-05-30,2025-08-07,burned
H00295,A00205,vorathcode,marketplace_11,F38E48C712C858467E577343F0C5651654313057,terror_financing,2023-03-04,2023-08-17,active
H00296,A00205,shadamarket,marketplace_18,CEDC310FC30296BC29179A721F8D46A9DA31060E,terror_financing,2025-06-29,2025-07-10,dormant
H00297,A00206,noculx,marketplace_1,E2A01DDCD8220CB922790EA3C8F10B6DD694CC5C,hacking_services,2025-08-24,2026-02-18,burned
H00298,A00206,shadenfang,marketplace_12,D3FF2B0BD5BE2EC074024DBE5C0920B42EBAA3EF,hacking_services,2024-04-15,2025-05-31,dormant
H00299,A00206,cyexdealer,marketplace_9,9C523482C4D8554FA2E18B843B9BF1AD4044BF00,hacking_services,2023-10-25,2024-10-30,active
H00300,A00207,nocyl99,marketplace_13,81E5648F55A8012F558E724D2CB0F21B123B05E3,terror_financing,2023-08-13,2024-12-08,active
H00301,A00208,hexohex99,marketplace_14,7E14611E2DA00F829A974ED6DB488F3D24F69262,arms,2023-03-24,2024-04-19,active
H00302,A00209,ravenx,marketplace_2,752E96BE87A4D1C8D1DE6789695A7C9C41AA1EE8,hacking_services,2023-06-07,2023-12-14,active
H00303,A00210,vorahex99,marketplace_15,C56501AA31F9037323EC304A9EC1550CB7A82502,drugs,2024-09-26,2025-03-26,active
H00304,A00211,hexulhex99,marketplace_11,105D12A3A65B8EA1E91F3E64E1BB07210C969063,other_illicit,2025-03-14,2026-05-04,active
H00305,A00212,hexar99,marketplace_5,1922937A5BB7BA41BC211DF00CD12CEF817F8466,terror_financing,2025-08-18,2025-09-13,burned
H00306,A00213,thrartrace,marketplace_10,0CFEC5AA065B02F6CA84C593E85154779A32011D,other_illicit,2024-12-16,2025-07-05,active
H00307,A00213,shaden99,marketplace_19,870432CCE7409AEAEA525D95C177D504EBB528EE,other_illicit,2023-12-31,2024-05-14,active
H00308,A00214,cyahex99,marketplace_5,57056D5352B3F0B3D33D6BA2AEF53C11A7F62C4F,money_laundering,2025-07-18,2026-03-12,active
H00309,A00214,ghoylghost,marketplace_1,1345F501569474418288F86432DB604041618474,money_laundering,2025-04-02,2025-12-28,active
H00310,A00215,darkafang,marketplace_16,B6142DA1D8C601B7EEEBC3742052D2F9C1563087,money_laundering,2025-05-20,2026-09-18,burned
H00311,A00215,cyulx,marketplace_12,C54263DF01BCBDCE1C7C42CBB199891EDC6967DB,money_laundering,2025-04-20,2025-09-18,active
H00312,A00216,nyxarcode,marketplace_20,5C4D329486D4AA8431F3D4792C876A749E5B1B77,money_laundering,2024-01-21,2024-04-25,active
H00313,A00217,ravarphantom,marketplace_7,2BFC0B8BEC8FAEC8A6B7DBF8CCC2D68425A9B00A,terror_financing,2025-04-14,2025-05-11,burned
H00314,A00218,darkorcode,marketplace_10,ABCC9E5370E847B385C3918675D39A961ED7E730,stolen_data,2025-04-14,2025-10-15,active
H00315,A00218,vexadealer,marketplace_17,B5432BE28A56B85DE88F13F650DA47EEE4DCAD66,stolen_data,2024-06-30,2025-06-05,dormant
H00316,A00218,ghoobyte,marketplace_3,B4E20BA1104F54295AE63D09736C2F51636CBB4C,stolen_data,2023-01-04,2023-03-12,active
H00317,A00219,vorexhex99,marketplace_1,B67454E76509BF7B747DD2B1FC21E15CF356C130,terror_financing,2025-03-13,2025-07-27,dormant
H00318,A00219,kryahex99,marketplace_6,752FD88CF6AE8446644503984B455BC1C5A6B1C7,terror_financing,2023-05-08,2023-08-05,dormant
H00319,A00219,neoawraith,marketplace_16,18CF8370FA793A4027C5C19C7FBC2A8F1BA8252B,terror_financing,2025-06-04,2026-07-27,active
H00320,A00220,obsylraven,marketplace_9,D802C6AEFB51F04085D502F34249267DCEEC1F62,hacking_services,2023-03-15,2023-05-03,active
H00321,A00221,ravulnode,marketplace_16,4EC0EAFDB769632CA960A57341532B0BFC89E9F0,money_laundering,2023-08-25,2023-10-14,active
H00322,A00222,kryinghost,marketplace_14,DFC9EE92D6CBD18A10D7BA7F61C8D5EE23B4C7A6,drugs,2024-07-28,2025-04-01,active
H00323,A00223,darkylhex99,marketplace_19,355ED6D972A9ACB9DD79A89798293C7788E978D8,arms,2025-01-06,2025-01-20,active
H00324,A00223,vexennode,marketplace_15,471AD4F6837530E4153F1FA9B69DBAF44170198D,arms,2024-06-22,2025-07-25,active
H00325,A00224,obsarbyte,marketplace_3,04B3436EACBC6AAF0D2628B968ACC7227B16956D,money_laundering,2023-06-01,2024-06-15,active
H00326,A00225,nyxinnode,marketplace_5,8D63097EDC01A48C142FE92E86196A147B1558DC,drugs,2023-07-19,2024-01-03,active
H00327,A00225,ravylnode,marketplace_2,664470404AC366070768DEE23DEB0ED4FBA7158B,drugs,2023-07-05,2024-02-29,active
H00328,A00225,hexexfang,marketplace_8,8F570684149E202E55491B1ED8E3FFA8D3581CB7,drugs,2023-02-27,2023-04-18,burned
H00329,A00226,nyxexraven,marketplace_15,254A1ACC9847F76E25342213E17BD12E1F9174B3,stolen_data,2025-03-18,2026-03-09,burned
H00330,A00226,ghoylnode,marketplace_5,A3F3554FC877E550B9443C5CA8C66066999E09FA,stolen_data,2024-09-26,2025-08-18,active
H00331,A00227,shadylx,marketplace_1,B2A6EF85CD65AD785EFFA55B40D2CB2440B54932,arms,2025-04-03,2025-07-07,active
H00332,A00228,vorylx,marketplace_14,7D7E4D5951DC2A80A36637118752254352B93B4D,stolen_data,2023-06-05,2024-04-12,burned
H00333,A00228,nyxorghost,marketplace_7,033A81C99401C5FEF7AACC9C93D469534D452650,stolen_data,2024-03-03,2024-12-12,active
H00334,A00228,shadinnode,marketplace_2,8639F32FE4D83563017DDD05010B65A6C630A1A5,stolen_data,2024-12-07,2025-01-18,active
H00335,A00229,zerohex99,marketplace_17,5D511ECD5ED7756C66FD2A3C5CE37D9302645674,other_illicit,2025-07-09,2025-11-16,active
H00336,A00230,darkathphantom,marketplace_17,FA0CFFC31DB5038724EED3E3BD79BF504CCBCC5B,stolen_data,2023-12-24,2025-04-06,burned
H00337,A00230,darkyl_v2,marketplace_8,695AA78D0E940E8F4DD92ECF00E9F8B9C82693DE,stolen_data,2025-04-29,2025-06-26,active
H00338,A00231,vexylstorm,marketplace_15,C3C9089A05C0A5315C4E1CC910588B37061AF97F,hacking_services,2024-06-15,2025-10-21,active
H00339,A00232,thrartrace,marketplace_4,4EB01061BCC3B60BC9386E9DE1F03F5D1036DB31,money_laundering,2023-12-22,2024-07-31,active
H00340,A00232,ghoinvoid,marketplace_18,41CF8ADCB591C443ABDF4AD55530A769E08F9FC9,money_laundering,2023-10-05,2025-01-27,burned
H00341,A00233,neoul99,marketplace_11,A5377A0F249AB635107C4522F74EF5D87BAAA559,arms,2024-01-17,2024-11-27,active
H00342,A00234,vorax,marketplace_12,3AFB2E21A11B928EE98F7B6B49E93E3B9E68961A,money_laundering,2024-12-30,2026-03-24,active
H00343,A00234,zerofang,marketplace_5,636D22675D1F52B5FF609D5A2A53E9DA6A7F133B,money_laundering,2024-05-15,2025-02-10,dormant
H00344,A00235,kryathphantom,marketplace_7,FEC5C2976C48CD8A10131AF707A532D9959C89EB,other_illicit,2023-10-13,2025-01-10,dormant
H00345,A00235,hexyldealer,marketplace_10,AB431542EE2496E2E0A98A386DF5C325606AD327,other_illicit,2023-06-24,2024-04-16,burned
H00346,A00236,hexyltrace,marketplace_16,053EE1BA4DD67B2A0E0A64C03372074F94AB37D1,arms,2023-10-09,2025-02-13,burned
H00347,A00236,zerylwraith,marketplace_18,319A1496E6C2AF6CC4E26BC76B710AAD2B9E72AC,arms,2023-03-02,2024-02-28,dormant
H00348,A00236,nyxulnode,marketplace_3,BB33C97C147FF5E05DCD0A7952C882D213EA6A9D,arms,2023-09-03,2024-07-08,active
H00349,A00237,neoentrace,marketplace_12,4F6084FD6D43888E37A60D1DFC80558E8AB37AE4,other_illicit,2023-05-08,2023-06-06,dormant
H00350,A00238,shadorwraith,marketplace_9,3C816962F6FEB776C9FE0837003B6D054C4B8518,terror_financing,2025-06-28,2025-10-16,active
H00351,A00239,obsohex99,marketplace_6,EE4088201F83658B721F93448E0F4C8D655B2F94,hacking_services,2025-07-04,2025-08-26,active
H00352,A00239,ghoarnode,marketplace_8,D331169CD3C61F04CE51411A7CD42B6D00AEFA01,hacking_services,2023-10-24,2023-11-10,active
H00353,A00240,ravultrace,marketplace_5,0E6E261E55236C1F2CF45308A8D3F352F0E897D1,drugs,2023-12-08,2025-04-20,active
H00354,A00241,hexexnode,marketplace_10,B42C04A56824089EF5C065DBA374FD2E9048BBB3,stolen_data,2025-05-27,2026-07-13,dormant
H00355,A00241,cyawraith,marketplace_20,A25DC9D8FDD46EC1089E807E231F942D911C6C46,stolen_data,2023-02-07,2023-04-25,active
H00356,A00242,ghoathbyte,marketplace_9,537DA8D5405256F40BA0660100C79CE73002383C,money_laundering,2024-06-06,2025-01-25,active
H00357,A00242,thrax,marketplace_18,474F6EE1C0A92DF8C7110877D337E232A2B8A494,money_laundering,2023-01-24,2023-11-26,active
H00358,A00242,ghoophantom,marketplace_20,B6A78DD0EAC898CDE413148042447E904C41B2F8,money_laundering,2023-07-13,2024-06-12,active
H00359,A00243,kryinnode,marketplace_15,7BE0092534A33D25AB09C311E5718DD012474E20,arms,2024-10-14,2025-01-30,active
H00360,A00243,nocexstorm,marketplace_8,4D2B2408B0FDDA789C1954ED79C032A70BF69F48,arms,2025-01-10,2026-04-15,active
H00361,A00243,kryadealer,marketplace_12,D55A34E5CE0CDCBC4482EDE89FE2516B01D39F94,arms,2023-12-25,2024-10-15,active
H00362,A00244,ghooghost,marketplace_9,DC4342AD8B5B850C89233F624E70D797A9528D0C,drugs,2025-04-11,2025-08-06,dormant
H00363,A00245,cyabyte,marketplace_1,525B96825703C19D07F43C1165163E12281069F3,terror_financing,2023-12-22,2025-03-09,active
H00364,A00246,obsath99,marketplace_16,13C4B1839EAB0326EA7A530F5E0F4E17E3D3D03F,stolen_data,2025-02-04,2025-04-05,active
H00365,A00247,hexulx,marketplace_7,8FF36FA71ED30590BBE10589646C553C1CCBE8CF,terror_financing,2024-11-24,2025-10-05,active
H00366,A00248,vora99,marketplace_15,37B42A13D94C20F066B1859637499270093D20A7,stolen_data,2024-11-29,2025-11-23,active
H00367,A00249,kryathhex99,marketplace_12,C9C77A79220A038FD84FD3AF7AA342EFA347BF3A,terror_financing,2025-07-22,2025-09-06,active
H00368,A00250,vexo_v2,marketplace_13,57C0499DB8DEE41B2E30E61E3BC8F7F163FA9705,arms,2025-05-24,2026-09-26,dormant
H00369,A00251,zeryl_v2,marketplace_3,5C155A8CC4E591EDD840EC64F26A6CFD4B46DF1D,stolen_data,2025-05-10,2025-10-21,active
H00370,A00252,vexarnode,marketplace_17,1AB780B04F6D2AED80A6ADE1FEFAB85D207845F6,stolen_data,2024-02-07,2024-12-15,dormant
H00371,A00252,darkathstorm,marketplace_20,51554F332EBFD3F3D5195B398C71B53D065505D0,stolen_data,2025-02-06,2026-04-20,active
H00372,A00253,thrabyte,marketplace_9,D02EE062C6E1A019665DE588C73E58ED7071CA81,hacking_services,2023-10-03,2024-06-22,active
H00373,A00253,obsulraven,marketplace_6,3774E5F5253C7B19D14DDECA5E59B6F8B0E0D90D,hacking_services,2025-06-21,2025-12-27,dormant
H00374,A00253,kryonode,marketplace_13,10351552B971881755B6765057B214BAB137A9A1,hacking_services,2024-01-08,2025-02-06,active
H00375,A00254,ravenghost,marketplace_19,6676597C5D400B73488251EACA41347FC62FE9B8,drugs,2025-04-12,2026-01-30,active
H00376,A00254,shadornode,marketplace_17,826EA345CE273FB7C4D8FA4C8C340D3E70058A48,drugs,2023-03-09,2024-06-25,active
H00377,A00255,nocarraven,marketplace_4,B0A386433971EFE48E4B844278A3509FF1DFC667,terror_financing,2023-03-06,2023-09-13,active
H00378,A00256,cyylbyte,marketplace_18,5AE9D81AB65ADF4C508CF45B96AB2C5555B035BC,arms,2024-03-16,2024-09-23,active
H00379,A00257,kryarvoid,marketplace_10,502557829500DC5E14DC08A1BD652F910721277B,drugs,2023-06-26,2024-04-13,active
H00380,A00257,darkexnode,marketplace_15,9E227C01D04EF1AC8C3D1FD4C96B00A7E568D2ED,drugs,2024-07-05,2025-05-28,active
H00381,A00258,neoorwraith,marketplace_4,0892D9463CB8936E5EFCBFD1D689518D2FAA3E02,terror_financing,2025-06-07,2026-09-13,dormant
H00382,A00258,obsarnode,marketplace_7,951597E9882F578BDA6C8E05B9B7C4D18E56D820,terror_financing,2024-09-26,2025-08-17,active
H00383,A00259,voryldealer,marketplace_8,852C87A017F28D19FD397E886E1CC2EBD8DE4C7C,hacking_services,2024-05-27,2025-08-27,burned
H00384,A00260,cyenhex99,marketplace_3,114EF5309A1EC097BDD1A177E8D760CFE60CF345,other_illicit,2025-06-22,2026-06-22,active
H00385,A00260,hexathvoid,marketplace_12,20EDA6A1CF6D695FC0AA09443E18D2CE0DC6512C,other_illicit,2024-03-06,2024-10-12,active
H00386,A00260,vexodealer,marketplace_10,6525F34DA67E2E0D985C9506727A9039BDE0C52A,other_illicit,2024-08-14,2025-12-13,burned
H00387,A00261,obsennode,marketplace_1,8787142E3DF0CC873A13C842A06E13F14D91E160,other_illicit,2024-01-12,2024-06-02,burned
H00388,A00262,hexa_v2,marketplace_2,5C45D599A00E4A5E822D0D3C35FCC4014073E15D,money_laundering,2024-06-14,2025-05-17,active
H00389,A00263,vorulx,marketplace_9,58AF02509495B6D0247EB7058EC17CE0497CA491,arms,2023-10-03,2024-02-01,active
H00390,A00263,nocorvoid,marketplace_20,2EB807C843BEF7B8CD4647D1CCED924B9F54185C,arms,2023-12-30,2024-05-01,active
H00391,A00264,darkox,marketplace_14,DC2ED56BC476AFCEFE5BD0937851873A66244C00,other_illicit,2024-07-31,2025-06-23,active
H00392,A00265,vexathx,marketplace_10,429719269306FA4F41DAC95490A4157A70FDD38C,arms,2023-02-20,2024-01-30,active
H00393,A00265,obsenbyte,marketplace_20,BC402FB70EDD3DAF490979F835A726FAC301FFF6,arms,2025-07-26,2026-11-28,active
H00394,A00266,kryanode,marketplace_12,14A26F66E1695998E908FD0ED47A20FDA22F1B2F,other_illicit,2023-03-05,2023-07-08,active
H00395,A00267,vororstorm,marketplace_6,812B0BB23AE88CB73C1FF0190709A9380745206C,other_illicit,2023-03-22,2023-08-16,dormant
H00396,A00267,ravofang,marketplace_18,BC80E04CA5A2C9D667AD4616E9801DF1F1513297,other_illicit,2025-02-26,2025-05-29,active
H00397,A00267,vexexx,marketplace_12,C33A8A1A5C7533C19E540A7F0FF8B89F1462E29C,other_illicit,2023-04-05,2023-07-26,active
H00398,A00268,obsin99,marketplace_19,FCD4D57AC0B704C2904BFE06CC1A1C71CC7D0B14,drugs,2025-01-16,2025-05-30,burned
H00399,A00268,cyorvoid,marketplace_11,03061351704B408A56EBEB735C11D14EBF9A8841,drugs,2025-06-27,2026-05-31,active
H00400,A00269,nocinraven,marketplace_18,72303CBB699ACC55B43FF1ADC07D3D49D0E09E4D,money_laundering,2024-09-11,2025-02-12,dormant
H00401,A00270,cyylmarket,marketplace_7,B02B602E72DF3AD1BE1B4589267A9E81C8B63AE1,drugs,2023-12-28,2025-02-19,active
H00402,A00271,cyenx,marketplace_4,D9C6DAC376AF8EC0BE157FF28703550BDF7664F6,money_laundering,2025-08-13,2026-09-03,active
H00403,A00271,throrghost,marketplace_19,8154A75CEC585EF757A4147503802D67589469F2,money_laundering,2023-08-04,2024-05-29,burned
H00404,A00272,shadathraven,marketplace_5,A2A8A4C1EAD267300C97645D44FEEE662D1CC9F0,hacking_services,2025-06-29,2026-05-16,dormant
H00405,A00273,neoorbyte,marketplace_18,AA594921F914F80DFB5DED4B0D5017C6BC8D29E8,terror_financing,2024-01-06,2024-02-11,active
H00406,A00274,zerardealer,marketplace_19,828D1AA0964DD964478C343523A9A780025ED546,other_illicit,2023-08-02,2023-10-04,burned
H00407,A00275,hexexraven,marketplace_10,CEF2446EF1A92C1C268BC9E8C0ADE8C670E46C31,hacking_services,2023-06-26,2024-09-01,burned
H00408,A00275,hexex99,marketplace_16,2CC403DABAED8AFCAABFB358FD8001CEAD491B2D,hacking_services,2023-03-02,2023-12-30,dormant
H00409,A00275,voracode,marketplace_20,58982F90466DD07AF12E07D619846D151A170826,hacking_services,2023-12-28,2024-05-16,active
H00410,A00276,vexadealer,marketplace_1,FF48A4836BC809A1E6BCF90AF780A14D05884172,terror_financing,2025-02-27,2025-10-16,active
H00411,A00276,obsexraven,marketplace_19,80E694173EEF9DEBB392D85604AC83D5775D0BC8,terror_financing,2025-07-22,2026-04-29,active
H00412,A00277,zerarwraith,marketplace_16,E60CC562B22E494CBA9D0D474E47F3E0457F11DA,arms,2023-10-27,2025-02-23,active
H00413,A00278,hexenvoid,marketplace_18,EEA82EDFAA621E6E2B2AF19BC5C68ED6040FC247,other_illicit,2023-02-26,2024-02-14,burned
H00414,A00278,cyexwraith,marketplace_15,0A234C340F0CC131E47F44C778D9E17A1DFAED76,other_illicit,2024-02-13,2025-02-05,active
H00415,A00279,nyxathfang,marketplace_15,3563AAA1AE1B42F788819B632929F1347A16CE3A,terror_financing,2023-01-14,2024-03-08,dormant
H00416,A00280,obsath_v2,marketplace_18,E14798BD98DF907DD902D64AF6F63BFBE54E73C6,stolen_data,2025-01-31,2025-03-01,active
H00417,A00280,thraraven,marketplace_3,B9577592CB2B87DC0E699CF8C53BB92F83D2E0A0,stolen_data,2023-05-20,2024-03-14,active
H00418,A00281,kryulphantom,marketplace_3,93798FC186FE9044C97604DB0C536DCEE3CDDD20,drugs,2024-11-11,2025-01-08,active
H00419,A00281,kryarvoid,marketplace_17,5144478126ED7DFB03FE2A498C3890567B2E9CBD,drugs,2023-11-17,2024-12-13,active
H00420,A00282,cyenx,marketplace_13,7F4C62BCAB55FEC829106A05AA26898CF45709F7,terror_financing,2025-04-13,2025-05-19,active
H00421,A00283,nocahex99,marketplace_12,F964B238EEA624090A97EFDD361B113F72962A22,terror_financing,2023-10-10,2024-04-30,active
H00422,A00284,darkatrace,marketplace_16,F2E31CAD94AE1D04D672B8560C115615DAA0A459,stolen_data,2024-07-01,2025-02-07,active
H00423,A00285,kryathbyte,marketplace_5,3A28A403CD764444811A74551BC4031236896736,other_illicit,2023-01-28,2023-09-01,active
H00424,A00286,kryastorm,marketplace_12,578AD9A4695C99ED058DD6851B7DEF78B5F7BC2A,stolen_data,2023-07-05,2024-04-04,active
H00425,A00287,cyindealer,marketplace_13,C5B71DD938FB77CB59E8CDA7A6D4A7496CF493AF,stolen_data,2024-07-30,2025-10-16,active
H00426,A00287,nyxorstorm,marketplace_12,7A869DAD70D3C49F72D3B723C6E2070F6F4C1F50,stolen_data,2023-06-10,2024-05-13,active
H00427,A00287,obsordealer,marketplace_11,04C863439C69EC5A845C9BC663E4906C8235DC9E,stolen_data,2023-10-08,2024-07-18,active
H00428,A00288,kryenfang,marketplace_15,6A7313C35B03C7812677886FDF683918212DF612,other_illicit,2024-11-19,2024-12-12,active
H00429,A00289,obsulphantom,marketplace_3,019514DD3C121794368A98416A62D1F3F36C12AF,arms,2023-01-11,2023-06-14,active
H00430,A00289,hexadealer,marketplace_4,36439049E0529234E9A4F26DFBFC9D62721F93C3,arms,2025-05-25,2026-05-29,burned
H00431,A00289,neoexwraith,marketplace_13,B91272A6A1DD5C2D8BA5A5F9204B9F2E8BDC9710,arms,2023-10-21,2024-01-25,active
H00432,A00290,vororstorm,marketplace_11,BB945E2E4CC4BCB08C0F01298370CD581E300DD1,drugs,2024-03-19,2024-11-15,active
H00433,A00291,shadath99,marketplace_4,5633B54744554908FA46B9108218E37B337B0A6A,money_laundering,2024-07-03,2024-09-23,dormant
H00434,A00291,darkencode,marketplace_16,0D93BF1E704020939A792A4389FDE9415270C7BF,money_laundering,2025-08-07,2025-10-30,burned
H00435,A00291,shadar_v2,marketplace_5,3437E87C0AAABFB90850DD19B4D0C21CADE77E8B,money_laundering,2024-10-19,2025-10-27,dormant
H00436,A00292,nyxorphantom,marketplace_3,7D2914B7086FC5C989EF5A0957485690182E493A,drugs,2023-11-22,2024-02-13,active
H00437,A00292,throrwraith,marketplace_13,AAAE90C5FC0585BE17674A9B572A4C71804DC52E,drugs,2023-09-10,2025-01-14,active
H00438,A00293,darkextrace,marketplace_10,92DE53B75CC6F0C74B1637519B0541D313776B7F,arms,2023-06-10,2024-04-22,burned
H00439,A00294,shadonode,marketplace_20,AD3C45AC8F2BB90E4709B6472CEE29AC9E97E039,drugs,2023-03-05,2023-03-16,active
H00440,A00295,cya_v2,marketplace_20,FDDDA1B5FD24052AF1D2144723CFE0CFD6A7446F,stolen_data,2024-12-17,2026-04-08,active
H00441,A00296,threxx,marketplace_19,9BD7F2294960107EA7472648DBCC64F83F6FDA2A,arms,2023-06-09,2023-07-25,active
H00442,A00297,ghoox,marketplace_5,B5DC95DE7B24F58AB77FBCACFD8E9D5589B309D4,terror_financing,2023-04-11,2024-05-23,active
H00443,A00297,kryulcode,marketplace_2,DACA341D4EDF57A0E68842439DB05469FE09BFE4,terror_financing,2023-01-06,2024-05-20,active
H00444,A00297,zerinbyte,marketplace_4,E067429E476E418A2CFCE0C6D74D60324401984C,terror_financing,2023-04-30,2024-07-25,active
H00445,A00298,neoor_v2,marketplace_18,C05CF26C0A89D40BD813648B26B1023A9C3FB116,other_illicit,2023-07-29,2024-08-27,burned
H00446,A00298,obsoghost,marketplace_7,82191872BCCA26A6386F9EAB16103CAC9E3FE812,other_illicit,2025-01-21,2025-10-18,burned
H00447,A00299,vexax,marketplace_15,6F3D23BCDD32FCEB665D2F1A0A6B68B2BDAE4B7B,arms,2025-03-20,2026-07-09,active
H00448,A00300,darkorx,marketplace_19,43EFA12A8DDF60604A65E5FCD78A2B15A4B9D370,hacking_services,2023-06-17,2023-11-18,burned
H00449,A00300,neoodealer,marketplace_20,40E75FFFE3394A4FC6010E2421484699F61BFEF3,hacking_services,2024-04-23,2025-06-25,burned
H00450,A00300,ravorwraith,marketplace_17,F3CBDBCCED91C769800B4594CB6E65422870E0B9,hacking_services,2025-05-04,2026-09-01,dormant
H00451,A00301,vorathwraith,marketplace_14,2A1312C4D0014CB68EAE67A96BF2539CF28C7DC9,terror_financing,2025-02-19,2025-04-28,active
H00452,A00301,shadarphantom,marketplace_2,F4DDB449CA85F4901140C129C0A20A864F3C6167,terror_financing,2025-04-11,2025-07-09,active
H00453,A00302,ravartrace,marketplace_7,2111172E309157A82A517187EDD27DC50244D2B9,drugs,2024-09-04,2025-09-13,dormant
H00454,A00302,ghoathtrace,marketplace_13,B7221B670DF6E943394D7FDB03CFDF3FFC46D7DB,drugs,2025-07-04,2026-07-06,active
H00455,A00303,ravex_v2,marketplace_13,C555DDDE06EC2CA550E97A34AAFFE4DAFC906B0A,arms,2025-06-19,2026-07-31,active
H00456,A00304,ravorraven,marketplace_10,F624BCB2E239D11B105885EFBE170460334A02C1,money_laundering,2023-04-22,2024-07-31,dormant
H00457,A00304,obsox,marketplace_4,B45576D630C510F60485CD48EB7F90AF289CBDF8,money_laundering,2023-10-09,2024-01-14,active
H00458,A00304,zerathstorm,marketplace_15,B98B78A28CDDB68697BD5DF6DC9A740EFBF0975D,money_laundering,2025-01-07,2025-07-30,burned
H00459,A00305,throrraven,marketplace_9,1B09A1B158CE501E68561EE7F4A8B0702D4AB3B1,terror_financing,2023-11-04,2024-03-17,active
H00460,A00306,vexexwraith,marketplace_1,96A724E877FA623347B085CB5E84DC5B31BF76BB,arms,2023-12-18,2024-01-08,active
H00461,A00306,cyin99,marketplace_10,127A32F9BBA7E1D4F53DE67E8C342AFBD5D835D0,arms,2023-12-17,2025-04-28,burned
H00462,A00307,vexathx,marketplace_4,501D72D707A2DF19A1A44DE73568719B29414B7C,drugs,2024-06-07,2025-07-23,active
H00463,A00308,ravarwraith,marketplace_5,784FBBECE523A909862697DB7215FF33A0D43E4C,terror_financing,2024-07-20,2024-10-27,active
H00464,A00309,zera99,marketplace_15,421F74537C2AE6EDF30B4EF0E9B2B6188A10504C,other_illicit,2025-05-27,2025-08-27,burned
H00465,A00309,nyxenbyte,marketplace_7,69B15ACEC1718068DEB9247D31274E521A3778C1,other_illicit,2023-09-07,2024-06-29,active
H00466,A00310,cyarnode,marketplace_6,B75162C3D7D072F7C0E9FDF5110B42831F0E3D78,terror_financing,2023-06-02,2023-06-13,burned
H00467,A00311,vexenraven,marketplace_1,356E0B23289B8BDF4CBAC35EDF27EE3D4D7BC34C,terror_financing,2025-03-24,2026-03-03,dormant
H00468,A00312,voryldealer,marketplace_15,6E36F915469C299CC5FD660932ED3953B5973CD6,hacking_services,2025-08-20,2025-09-11,dormant
H00469,A00312,shadinx,marketplace_18,ACCF06C70087F7C72B5435F1CA782181C432E545,hacking_services,2023-09-26,2024-06-07,active
H00470,A00312,zerartrace,marketplace_8,23EC1FAE8F9E1A543F338DADB330D2F6AD73D635,hacking_services,2024-05-06,2024-07-18,burned
H00471,A00313,nyxex99,marketplace_12,3D9D6F2261C51360F2DFB653C76D372FA811917F,hacking_services,2025-05-02,2025-11-08,active
H00472,A00314,ravylmarket,marketplace_10,7AD734F8644AA3E825A28FD5356C13C78B8368A7,stolen_data,2024-01-16,2024-10-16,active
H00473,A00315,obsartrace,marketplace_7,FCA1D9BE48153EF6A2DC2266F6DE0F43F7905945,drugs,2025-03-05,2025-04-10,active
H00474,A00316,zerarbyte,marketplace_9,D757DA903399859840587B09EDB23D2AD80939FB,drugs,2024-12-05,2025-10-26,active
H00475,A00316,obsastorm,marketplace_4,E1A949A215C2206ACA855157FCCDD55B77C28226,drugs,2024-09-27,2025-07-10,burned
H00476,A00317,ghoexvoid,marketplace_20,490CD568D6697786FB3CD81DB95975C4AA0E86A0,arms,2025-03-13,2026-05-03,burned
H00477,A00317,darkenmarket,marketplace_8,B8F07DD9A6A3FCA18E3601A84E689CCDDE8E0D3E,arms,2025-06-01,2025-12-05,active
H00478,A00318,thrin_v2,marketplace_14,22068E3ACFBDDA0A2D03CF985696BDA08A0ADD7F,hacking_services,2023-02-22,2023-04-16,active
H00479,A00318,darkinnode,marketplace_19,D2F5AE3914A17AFD5C92D797D1C6AB702024ECA2,hacking_services,2023-11-15,2023-12-18,burned
H00480,A00319,vexenhex99,marketplace_1,4FEBCF16CAD416D689968CC7732467BED2F1E73E,hacking_services,2025-02-16,2025-07-26,active
H00481,A00320,hexornode,marketplace_12,D4C7CEA1FF8FB8979A4B6EE807FCEDF90840FDEB,money_laundering,2024-04-17,2024-12-19,active
H00482,A00321,ghoaphantom,marketplace_15,AF66111181DBCB4798A7ADB7A564DD1018E02217,hacking_services,2023-12-26,2024-04-16,active
H00483,A00322,cyamarket,marketplace_12,CA223A6E8CD299FED2DF08EDCC40B4BCAB028577,drugs,2025-04-24,2025-12-05,active
H00484,A00323,hexintrace,marketplace_19,A8F7D54281B262CC19F9E7628EA58E99406A8930,money_laundering,2024-05-23,2025-01-04,active
H00485,A00323,neoendealer,marketplace_6,7B2DD9FF93626B2604BB68DA2B6B53FAA1925CAB,money_laundering,2025-07-27,2026-08-10,burned
H00486,A00324,ravulnode,marketplace_4,66379211628C6845953BE71352A4F69229C2672A,money_laundering,2024-04-16,2024-10-19,active
H00487,A00324,throphantom,marketplace_13,A7161990EE231DB9AAEDD79A93534D8A41D9230D,money_laundering,2024-01-07,2024-04-26,active
H00488,A00325,hexencode,marketplace_13,5843C4D442FBC5CC4068F200B74BF44E165401E8,money_laundering,2023-01-18,2023-02-27,burned
H00489,A00325,nyxexvoid,marketplace_20,6E34B29A51A04C0C1905580DB9F8ECA1082ADC86,money_laundering,2023-12-14,2024-11-03,active
H00490,A00325,kryylhex99,marketplace_3,D47FECBD726C1D440236C08F8E20606A38A75992,money_laundering,2023-04-07,2024-07-21,burned
H00491,A00326,obsohex99,marketplace_4,79E47B2DF61A74CF08CDAC45B55503647B61DAD9,drugs,2024-04-15,2025-06-13,dormant
H00492,A00326,kryathmarket,marketplace_9,0C8A7F88AFA427B62FABA5F8E8229C5DEA33FD8A,drugs,2024-05-11,2025-08-28,active
H00493,A00327,vorahex99,marketplace_14,D93CED7016B513C612AF458448695FCD18D12180,hacking_services,2023-12-31,2025-02-16,active
H00494,A00328,cyylfang,marketplace_10,E7BCCF3BA88D0B74C1DF8C4F41A6C9234BDE4B15,arms,2024-07-20,2024-08-01,active
H00495,A00329,thrarfang,marketplace_12,0FEAA425C5D86BCF89C0E0FA232EFBB2489395A6,money_laundering,2025-01-09,2026-04-17,active
H00496,A00329,ghoulnode,marketplace_11,7AF8EEDBCA1F0BA98697DFF3AD54081FC793B6BE,money_laundering,2024-03-15,2025-07-07,dormant
H00497,A00330,cyaraven,marketplace_2,8EE798728F45BBEAC837A8F93CABE6A474BBB0BF,stolen_data,2024-11-10,2024-12-14,burned
H00498,A00331,zera99,marketplace_16,C14836D5769E090E38CE38FF793BAA16F9BC13E0,other_illicit,2024-01-06,2025-05-05,active
H00499,A00332,cyathhex99,marketplace_13,013E1CE81FD5AA3C43B7DEC7B6DF7BBD1F1E4468,other_illicit,2023-04-14,2023-05-03,active
H00500,A00333,obsophantom,marketplace_8,861E95F97DC7AFDE280601E7BDB4C05A5D7F824C,money_laundering,2025-02-10,2025-05-30,dormant
H00501,A00333,cyacode,marketplace_12,465285A5C23F4A9CAE88CB65BA89233A26CE60A4,money_laundering,2025-08-19,2026-06-23,active
H00502,A00333,threnwraith,marketplace_4,6ED938F28C45028767A81335E56C060FC9EF10DF,money_laundering,2023-07-31,2024-05-18,dormant
H00503,A00334,nyxorcode,marketplace_18,B0FDF2D53F419C193C7175C9AC8DE932C1A70C81,terror_financing,2023-08-31,2024-10-11,burned
H00504,A00335,darkylwraith,marketplace_16,E132B36C4CE0E853A727C4A5C0453D0EB80476B7,hacking_services,2023-08-23,2024-02-01,burned
H00505,A00335,neoulphantom,marketplace_1,0DBE7A2F9A8C6B30529124762ABF07AE3FF2F061,hacking_services,2025-04-27,2025-10-06,active
H00506,A00336,hexulghost,marketplace_15,248C0A2C87A67EC83ECEED10C879AE72F717758D,other_illicit,2025-07-18,2025-08-26,dormant
H00507,A00337,thrylwraith,marketplace_16,09819E632BC0A95F1EB9FD3331FFC9EB9BDAE4E4,stolen_data,2025-07-06,2025-11-28,active
H00508,A00338,zerylvoid,marketplace_19,0608CBD0DC5D264DF1EEEEBE16D4C7FE5E221E7B,money_laundering,2023-08-04,2024-01-12,active
H00509,A00339,darko99,marketplace_20,5965767146788C0C0C870CB46AECA4924A7F11C8,terror_financing,2024-03-05,2024-06-11,active
H00510,A00340,zerathraven,marketplace_18,733085BB940A7ED94BA0FDEC051745372F12ACD6,money_laundering,2023-12-11,2024-05-16,burned
H00511,A00341,obsendealer,marketplace_5,5F62859BD53FC993D07650F00A215F9A2404502F,terror_financing,2025-04-10,2025-12-17,active
H00512,A00341,ghoax,marketplace_18,8F4218CD4EA03B5CE88517C1FA9660BF476C0D12,terror_financing,2023-11-01,2024-05-16,active
H00513,A00342,darkordealer,marketplace_20,28A3E03B13DFF404B24134B4774E086FA53ABA32,terror_financing,2023-06-07,2023-10-12,dormant
H00514,A00343,obsextrace,marketplace_20,EAE93959E7D5C4B27259FE7DEF589696A9EF5CBF,other_illicit,2023-03-27,2023-08-28,active
H00515,A00343,kryinfang,marketplace_15,151780949FD101902DBF7FD495CC44B8417D7128,other_illicit,2023-12-12,2025-03-28,active
H00516,A00344,noca_v2,marketplace_11,55C928FAD0028476A8E9557ADDFF2B7055D59E7C,drugs,2023-09-05,2023-11-09,active
H00517,A00344,nocarcode,marketplace_5,011D9ED2994EF7AA819573CF41DEB87697C08A65,drugs,2023-01-11,2023-02-11,active
H00518,A00344,nyxenfang,marketplace_15,AE673770F78A76157D93549F80B6E5177B1A2C14,drugs,2023-06-28,2024-03-26,active
H00519,A00345,nyxahex99,marketplace_11,BAF1818449AC9225BB24A71F227B0B7982F3AFAB,money_laundering,2025-04-18,2025-05-12,dormant
H00520,A00345,hexor99,marketplace_4,7548D70D3D42BD7A400ED2A1941ACBDEE2966D01,money_laundering,2023-05-05,2024-08-14,burned
H00521,A00346,ghoorwraith,marketplace_2,164F3618C3C73DFB2BD1B1CAC5CF510F4F5039E4,arms,2023-03-22,2024-07-13,active
H00522,A00347,shadathmarket,marketplace_12,7071CEB38B96DE28CF81DCDEB2AF32D9BD1BBC69,hacking_services,2024-03-06,2024-08-07,active
H00523,A00348,vexathstorm,marketplace_3,4014BBDA67FFF7063CFF35D3B9F4034814B9AA01,money_laundering,2025-07-27,2026-06-22,active
H00524,A00348,shadenbyte,marketplace_17,6FCE7F49C3C606977100297A5970F83EDA8DC4F6,money_laundering,2023-10-30,2024-09-06,active
H00525,A00348,obsornode,marketplace_2,4A4EAC1054714791BCEE35B2B18350A2DCD13564,money_laundering,2023-04-13,2024-01-15,dormant
H00526,A00349,nyxulbyte,marketplace_10,C6D2A4FCA9994045848C627E7E29B172314CC383,stolen_data,2025-02-28,2025-07-29,burned
H00527,A00350,cyovoid,marketplace_19,E2334AC49FD6921782826233390A275A3E099E1B,arms,2023-01-07,2023-08-01,dormant
H00528,A00350,nocinbyte,marketplace_14,CE39E620638BC8AF44EAF81E8076E88E07737C92,arms,2023-01-02,2023-11-01,active
H00529,A00351,thrortrace,marketplace_13,75DEB721BFC72120CA9D35A7C1C9018E9CE9C882,arms,2023-03-14,2023-03-26,dormant
H00530,A00351,vexarx,marketplace_10,301EE02EF7FA9661E332E3D1180528992BADE877,arms,2023-01-13,2024-04-26,active
H00531,A00352,nocorraven,marketplace_17,B573F067B70195CCB6C3FE73E69D48F46BCA74FC,stolen_data,2024-11-10,2025-09-05,burned
H00532,A00352,cyinphantom,marketplace_10,7863FCE1D0BB3F7AE433C4A0C6B8C9C6E039ABF0,stolen_data,2024-04-09,2025-03-24,active
H00533,A00353,darkathwraith,marketplace_8,CC4BA41A05C1012312AD2D2E688242701469C1CF,stolen_data,2023-09-14,2024-08-27,active
H00534,A00354,ghoinmarket,marketplace_7,3FE7DBAD2442440D62C93FC27046D83D7D6A2DED,other_illicit,2023-03-17,2023-04-27,active
H00535,A00355,ravulphantom,marketplace_8,75A44CE35C7E8A55A5D88987DD3329771D800AFF,terror_financing,2023-05-31,2023-10-03,active
H00536,A00356,vexox,marketplace_11,5FF15B3408C7E53D5CC0646A9205ABFE7E6BFAB2,other_illicit,2024-08-31,2025-08-21,burned
H00537,A00356,darkin_v2,marketplace_12,8222F6CE06D4BCED335B9566001BC714584E7531,other_illicit,2024-10-20,2025-12-21,dormant
H00538,A00357,darkathfang,marketplace_17,DB9B450F402E094F82D5FD6CA25ABA200B213984,other_illicit,2023-07-27,2023-09-17,active
H00539,A00357,darkarbyte,marketplace_20,06D0E447A147068486EA63D403DC73DDCF907608,other_illicit,2024-03-15,2025-06-17,active
H00540,A00358,shadorwraith,marketplace_9,DC8E0099A03A3FD94D504933B0A0DD363A5AB575,arms,2023-03-07,2024-07-11,active
H00541,A00359,threnstorm,marketplace_18,EE97B819FC5A6B1323A5AAD5EE5C172E80708B0F,other_illicit,2023-11-29,2024-08-22,active
H00542,A00359,kryaghost,marketplace_2,457BA9B51ABDEAEF236E709AED4E8A32C0BE13B5,other_illicit,2025-05-06,2026-02-18,active
H00543,A00360,nocenx,marketplace_7,1068ED2470F8C337F4E3AC176FB4BC387EC7100F,terror_financing,2023-07-26,2024-02-15,active
H00544,A00361,obsinvoid,marketplace_10,AE89831EC5D4CA979EB3C087A6A1EDBAE7FAD2CF,arms,2024-09-22,2025-07-27,burned
H00545,A00362,shadathstorm,marketplace_7,1E3EEC36A00F6C5466A9076DA4A15724CA65E7AA,stolen_data,2023-11-10,2024-10-31,active
H00546,A00363,obsostorm,marketplace_15,4478FF29DA17BABBE1411D3F826D98B8FC353724,hacking_services,2023-06-09,2023-10-31,dormant
H00547,A00364,nyxorwraith,marketplace_1,45470BC99DB708BBAAA14D6AD0FFF9674FD618D1,other_illicit,2023-11-29,2023-12-24,active
H00548,A00364,nocarx,marketplace_14,C4D05541EBA0C3E1DE02A351166891EDF53C5267,other_illicit,2024-06-16,2024-09-25,active
H00549,A00365,darkulx,marketplace_3,430A70F255D11447EE85E1A9AFE541C645025D19,other_illicit,2025-01-28,2025-12-09,active
H00550,A00366,obsylcode,marketplace_14,8FD0D0D8E48A5BE6EE8FF80E08DAFEE1D24E494C,drugs,2024-01-10,2024-10-03,burned
H00551,A00367,ravexx,marketplace_20,2C83E00A6F2D1ACC062CC9FB24E63584B7B82C02,stolen_data,2023-05-20,2024-02-16,burned
H00552,A00368,ghoentrace,marketplace_20,E03F0CF3B51FE31F91977DBECE49D21A22101F13,drugs,2024-07-23,2025-07-16,dormant
H00553,A00369,darkohex99,marketplace_12,14B9F5751205FBF8EA7DAE985B4C85192C93B6E9,money_laundering,2023-01-29,2024-02-14,active
H00554,A00370,hexulfang,marketplace_12,EDCEC3C0AAF2E91B9C288116AC591BE88A0D658B,hacking_services,2023-09-02,2024-05-03,active
H00555,A00370,nyxulwraith,marketplace_3,3321B28DDA7527BD361E680144D84BF40AA95F34,hacking_services,2023-11-21,2024-02-13,active
H00556,A00370,ravindealer,marketplace_7,88E9C0957E3F8F528D2E5FA18B45DEDEEFA98A8E,hacking_services,2025-05-24,2026-06-26,active
H00557,A00371,obsexstorm,marketplace_8,D0AD5EA268C7034899F7DBD32BDC4471E0DA80A7,terror_financing,2023-04-29,2024-08-21,active
H00558,A00371,darkex_v2,marketplace_9,97716E5F2D599EBD6234260F5F1CD2A9BACC7BDA,terror_financing,2024-01-23,2024-02-19,active
H00559,A00371,hexonode,marketplace_1,5A425CD1A8C9559E1A417275E256506DCD94EFC4,terror_financing,2023-03-23,2023-12-25,dormant
H00560,A00372,nyxortrace,marketplace_11,740FE78E20D5778BBF7AD564EF118A6ABF614E74,drugs,2023-05-28,2024-03-03,active
H00561,A00372,thrathtrace,marketplace_6,95814AAA9D7EE1933DF2BD9CE7CAC0988DF76552,drugs,2024-07-17,2025-01-19,active
H00562,A00372,obsylhex99,marketplace_16,EE00D578A85D81FD0A6124177037F2C477BD1A21,drugs,2023-10-18,2024-08-01,burned
H00563,A00373,neoathvoid,marketplace_4,6ACE04EF5E2ACBDBE9BFAABB0AA7C42E39B927B5,terror_financing,2025-04-18,2025-08-17,active
H00564,A00373,thrylcode,marketplace_12,1E52CA32529BF99A41614FC8E604916B75259905,terror_financing,2023-05-15,2024-06-06,burned
H00565,A00374,vexovoid,marketplace_14,2521B5BFA109F82474A9D02236978BF266D5EDD2,hacking_services,2023-08-28,2024-02-02,active
H00566,A00375,cyacode,marketplace_10,05262712991512CD9B563314266AC63E47DCF192,arms,2025-04-19,2025-07-03,dormant
H00567,A00376,hexulphantom,marketplace_7,3F91A037650788BD0F28FCB1FEB4BE472C63C06F,drugs,2024-12-08,2025-09-24,burned
H00568,A00377,hexathtrace,marketplace_3,6C61DCE00B8CCC7476E10F3A00F281D6756960CA,hacking_services,2023-11-20,2024-12-28,burned
H00569,A00377,ghoinmarket,marketplace_2,657EA0F54A4BA8BA363D06957DF6F6C6470187D8,hacking_services,2025-03-07,2025-11-23,dormant
H00570,A00378,hexinmarket,marketplace_10,DF83C7F241C73EAB5EFC138B9033882BE5396C22,other_illicit,2024-02-28,2024-10-10,dormant
H00571,A00379,kryostorm,marketplace_4,C225C0AAA8CB85C7C87FE280698A8ABDD007022D,arms,2023-04-15,2023-09-29,active
H00572,A00380,kryuldealer,marketplace_5,843E6C7B1AE06802DB1326D8078886FE10D5FAA3,terror_financing,2023-08-14,2024-05-17,active
H00573,A00381,obsor99,marketplace_20,A942FBD4FA5003D2E689E9A57A3D675D8F2112E0,other_illicit,2023-09-19,2024-02-21,dormant
H00574,A00381,cyexghost,marketplace_12,AEC2718992957AB466F5FBCF3614DAC8EF32A42E,other_illicit,2024-07-23,2025-11-29,active
H00575,A00382,nocodealer,marketplace_17,33D329C88C2371EB959F6A57FF9FE01F34A75A35,money_laundering,2023-03-16,2024-07-15,active
H00576,A00382,nocentrace,marketplace_9,55CF1DCD04DB66BE2D9C43006F00E17F1DD751F1,money_laundering,2025-02-07,2026-01-15,burned
H00577,A00383,obsex99,marketplace_17,F9ED5DB1F98ACAE4DFCB8253E8FFB0169A4415D5,stolen_data,2024-05-31,2024-10-26,dormant
H00578,A00383,shadarcode,marketplace_8,C8B5BE7701E81C7A2DA448ECFB34A6F01B6CD664,stolen_data,2024-09-18,2025-01-21,dormant
H00579,A00383,neoincode,marketplace_9,4BC57E47F55A63177F10946816E086676368BC24,stolen_data,2024-03-20,2024-07-26,active
H00580,A00384,shadin_v2,marketplace_18,7E3B3FDC0C9BB9943BF7E5D90A64E6DB684617EE,money_laundering,2024-10-02,2026-01-27,burned
H00581,A00385,shadarnode,marketplace_7,3BDBB204A0CDDC1CE79FDF29D74B207A594FC543,drugs,2024-12-11,2025-06-29,active
H00582,A00385,ravorfang,marketplace_3,E96D78A906BA9DBDB62F1F6114204E6CC75BCE65,drugs,2023-12-27,2024-10-21,active
H00583,A00386,obsarphantom,marketplace_7,DC033109DC0E64D99E6FBB82FD106F3D9B309BF7,hacking_services,2024-04-07,2024-09-01,active
H00584,A00386,obsinvoid,marketplace_10,F67E1A40ACDB26E9EE27E878B1CA61C5A1471C8C,hacking_services,2024-03-04,2024-10-22,burned
H00585,A00386,ghoarghost,marketplace_17,7B8CA5353BC17E2016A9D9CD0916FC8E8ED32D25,hacking_services,2024-10-17,2025-01-19,active
H00586,A00387,neoulx,marketplace_11,ABD21193A766B4DC037AA005AF6030259BE32B1C,other_illicit,2023-02-15,2024-03-17,active
H00587,A00388,obsastorm,marketplace_20,CB1BA337DE2DF2F009465B0F3D24764268B54181,hacking_services,2024-08-04,2025-09-12,active
H00588,A00389,nyxathhex99,marketplace_7,BC4E80CC325D4171CB2DAF2533D1223477615ABF,stolen_data,2025-08-16,2026-12-14,burned
H00589,A00389,darko99,marketplace_16,4739AD30C3C19B0B522416D03C83088D12F38178,stolen_data,2025-01-07,2026-04-30,dormant
H00590,A00389,ghoinhex99,marketplace_3,0C0A1D4E8ACD7B1F84829409BEED5A69ECC2B613,stolen_data,2024-07-31,2025-01-23,dormant
H00591,A00390,kryadealer,marketplace_10,9CA04C4EC23CC4CD06948CDF13CBC5FF9152BF46,other_illicit,2024-06-21,2025-05-19,active
H00592,A00390,darkylcode,marketplace_16,856A4AC10A9C2E53B1A40B7A62638BD0A7947443,other_illicit,2025-01-04,2026-05-09,active
H00593,A00390,hexexvoid,marketplace_5,8738280F786EF491433D4726F2301C495DBED6AB,other_illicit,2024-09-11,2024-11-03,burned
H00594,A00391,thrylcode,marketplace_10,D6946F4A9954A6A32E50A178AB75F508ECFDCC14,other_illicit,2025-03-05,2026-07-11,burned
H00595,A00392,nocen_v2,marketplace_16,241FA626CB63B4C431F92887030C289B4C9BE986,arms,2023-11-03,2024-04-25,active
H00596,A00393,cyahex99,marketplace_20,7778E5DE020169799FBBD22FC143B4F86ED74F91,drugs,2025-05-20,2026-01-30,active
H00597,A00394,neoulraven,marketplace_6,81E09E6396CE9EFF80E07CCDBC00EC45435436D5,arms,2023-06-21,2023-10-04,dormant
H00598,A00395,darkorvoid,marketplace_9,66609BD51CCC18B7356886A8239DB348530C7E2F,money_laundering,2025-02-19,2025-10-12,active
H00599,A00396,ghoenwraith,marketplace_8,2DABBB8527F636D6CAF5FCEDFFFB6BD2692F82B7,hacking_services,2025-03-19,2025-10-07,burned
H00600,A00397,ravinnode,marketplace_18,DF4660FC3B0132273A909956D8F528020C3C8E09,stolen_data,2024-10-30,2025-08-14,burned
H00601,A00398,nyxarmarket,marketplace_3,0CECE7CE51C3156E5D9751BCE58BF3BBE65FE033,drugs,2023-12-17,2025-04-03,active
H00602,A00399,nyxathstorm,marketplace_20,5D0DADD21AF6BCF966D88F15C64FCFDBC8AECC88,arms,2023-04-09,2024-06-18,dormant
H00603,A00400,ravarvoid,marketplace_12,E8A1480B7EF508CA78A07EB81F0B766BC6537DC9,terror_financing,2025-05-12,2026-04-08,burned
H00604,A00400,hexintrace,marketplace_20,F7E6182B0C6580A314DB7ED669CE8D8CD1764F6F,terror_financing,2023-02-13,2024-02-14,active
H00605,A00401,shadulghost,marketplace_20,21205FD1F3A3C98EFF6670D2886AEB8F6A0B5D15,terror_financing,2023-05-31,2024-07-14,dormant
H00606,A00402,nyxyl99,marketplace_13,F1F23557C36346FE8B9367FDE0A0F21CB30D81F1,arms,2025-05-31,2026-03-07,dormant
H00607,A00403,ghoathmarket,marketplace_18,86078BE6DA90984F51063E7C872DFA8881A60651,drugs,2024-11-28,2025-11-03,dormant
H00608,A00404,thrylcode,marketplace_12,D13B5614CC67057BCB8070E3B815E65034B62A00,drugs,2024-03-22,2024-04-03,active
H00609,A00405,zerexbyte,marketplace_3,C4193171B99E6BEFE648AA73B25F464D84B3A5BB,money_laundering,2024-11-11,2026-03-21,dormant
H00610,A00406,cyylraven,marketplace_17,1713DA98EC3A0993A0489D917A0EDBBB6BA2144E,hacking_services,2024-11-08,2025-11-23,dormant
H00611,A00406,ghoath_v2,marketplace_20,FF8B5B9346E497FF10F19AB99DE83DD46ADF34AB,hacking_services,2025-03-05,2025-08-30,burned
H00612,A00407,ravath99,marketplace_1,E80C9344F4FCB629B3683F11A9BA79BBABD53D66,drugs,2025-08-10,2025-11-14,active
H00613,A00408,shadenhex99,marketplace_16,0920D1962F2BAFA52E77CC172D1B021BB6223B65,other_illicit,2024-02-29,2024-11-25,active
H00614,A00408,ghoobyte,marketplace_14,676D7F1507E52699E3DEDC7840792595CD9F84D9,other_illicit,2023-06-15,2024-01-18,active
H00615,A00409,neoexdealer,marketplace_9,DD7EA2FE9859CE298C6A72AADC946804C0C8CCD2,drugs,2024-10-25,2025-08-17,active
H00616,A00409,darkexcode,marketplace_15,748CF4517E67F81C26DF9AF718AACAECBEC01BA2,drugs,2024-11-08,2025-08-20,active
H00617,A00410,obsinstorm,marketplace_16,D75E1BD38DB688511942DE8E3B417A22B0ADB377,stolen_data,2024-10-16,2025-03-05,active
H00618,A00410,zerylbyte,marketplace_14,28655FDD65F1846630C12F11B4428BE9DB0A4F05,stolen_data,2025-06-19,2026-09-08,active
H00619,A00410,kryawraith,marketplace_9,96A6190FFB371D20443CE9A6E39E7419724E9725,stolen_data,2024-09-23,2025-08-16,dormant
H00620,A00411,shadexfang,marketplace_12,6C2DBA0D48EAAA4DE417CF14EA300BDF1D0AE225,money_laundering,2024-02-12,2025-05-05,active
H00621,A00412,noculstorm,marketplace_3,57B6770B89A2DAF1E964371485C8DAA3041922A9,terror_financing,2024-04-09,2025-07-08,burned
H00622,A00412,ravylwraith,marketplace_13,1769CB77D670AFB96E1093C87EE143E08E135A57,terror_financing,2024-05-31,2024-06-26,active
H00623,A00413,threnhex99,marketplace_19,C3ECEB1B3F77021BB2C672F6C9F0891CB9B4A6BE,hacking_services,2024-04-04,2025-03-08,active
H00624,A00413,throrhex99,marketplace_16,08C50FAD45E35D04C23D0307D02802E1164FC50B,hacking_services,2024-11-10,2025-08-01,burned
H00625,A00413,thrathdealer,marketplace_3,128E4C433ADC9D0FE6ABC3541B36BC7E95B11FB3,hacking_services,2024-04-17,2024-12-21,dormant
H00626,A00414,nocen99,marketplace_9,F6B343FF8E9FE7BA967BCF35B41261C8D34CF32D,hacking_services,2025-06-19,2026-08-17,burned
H00627,A00415,vexostorm,marketplace_7,27F61AC4FB77AA5D5148F8F3355C69B3E754472E,money_laundering,2024-01-14,2024-05-25,dormant
H00628,A00416,shadarvoid,marketplace_11,EB1AAFFF2E9624969A6B722AFB14E51816CBEBD5,hacking_services,2025-07-16,2026-11-15,burned
H00629,A00417,kryenx,marketplace_7,E0AA0C8788312094FF86B843032D3647BEA69232,money_laundering,2024-08-13,2024-10-13,active
H00630,A00418,vororbyte,marketplace_2,2D95C59AA9D50537A8C54790F2E7978CC1A8F11D,money_laundering,2023-11-03,2024-07-04,active
H00631,A00418,neoulmarket,marketplace_7,21EB3C6A4282505593FAC2C1AD82A83666DCB04A,money_laundering,2025-03-26,2026-05-15,burned
H00632,A00419,nocylwraith,marketplace_3,E3BF51A59552339583939026BC6395DA403503E9,arms,2025-07-15,2026-03-02,active
H00633,A00419,obsenghost,marketplace_11,9DCCB924E537CEA3D983A64303361A463BC57958,arms,2023-06-05,2023-07-11,active
H00634,A00420,kryathphantom,marketplace_5,7504A7857DE1EFC0946FDCF91FF421EA5910761B,other_illicit,2024-02-09,2024-05-18,active
H00635,A00420,vexuldealer,marketplace_9,49E4B85DB92D65FD7A57356C65ED0F1857BE72B7,other_illicit,2023-01-20,2024-01-17,active
H00636,A00421,vexastorm,marketplace_14,A79E1B0F0FFB099C6BECDD4270AB288B855BAA36,drugs,2024-08-30,2024-12-13,active
H00637,A00421,nocylphantom,marketplace_19,B93D6B330DF9A37D7CB0A082F7F44784DFE16563,drugs,2024-12-25,2025-01-21,active
H00638,A00422,ravenfang,marketplace_15,B9EA4325EAD7F62296730C571DA8007307D9B211,hacking_services,2023-03-06,2024-06-12,active
H00639,A00423,nocintrace,marketplace_5,2E148D2DFE6529F0640869F86699431DB2109C02,stolen_data,2023-11-08,2023-12-26,active
H00640,A00424,neoylhex99,marketplace_4,AE941F447BDE42FC2FEFDFEB26FE24627E518F71,drugs,2023-07-24,2023-10-04,active
H00641,A00425,voren99,marketplace_19,2E7830FC9173BFAA63A7C41B89675E2A80D7ADE0,hacking_services,2023-09-16,2024-03-07,active
H00642,A00426,zerinnode,marketplace_15,1BBBA7A891EDEE54311E40809F2359C3EBF08309,drugs,2023-07-21,2024-03-21,burned
H00643,A00426,nyxamarket,marketplace_3,D884D499F18DF2303EE0775AE19970E749CDF816,drugs,2024-03-13,2024-10-18,active
H00644,A00426,neoenwraith,marketplace_12,EE48C59E0933612D974728BCB335EB2F10787E86,drugs,2023-09-25,2024-11-16,active
H00645,A00427,nyxintrace,marketplace_13,A6C4A24632A8323040C0F37C611B452985DE7B68,drugs,2025-04-05,2026-03-30,active
H00646,A00428,throrwraith,marketplace_14,A984D28AA6EA4C4B138915646BB7B16A50A0FA1F,drugs,2023-05-03,2023-07-15,burned
H00647,A00429,voringhost,marketplace_15,4B58FFFF898C8719D911D0C4C9D4EBB6FE7B9C03,other_illicit,2025-04-07,2025-08-03,active
H00648,A00430,darkylvoid,marketplace_9,B6D12D1748E0E4C4B3F963C164B1797884EB47D2,money_laundering,2023-01-25,2023-10-01,dormant
H00649,A00431,nocinraven,marketplace_9,9BBE35E63F94E374480566C4FC3ED80818CAB325,stolen_data,2024-08-06,2025-03-16,burned
H00650,A00432,cyohex99,marketplace_17,04451F9AB54EDFF8566A867E64E6D52B3104C0FE,hacking_services,2023-03-23,2024-08-03,active
H00651,A00433,vexinmarket,marketplace_7,CCA6F2BBF730B5062E70B1F67EE734F6829A15EB,terror_financing,2025-07-04,2026-05-31,burned
H00652,A00434,kryentrace,marketplace_1,01F450F2538B57AD14762AEB3EBE065601D092EA,drugs,2024-06-22,2024-09-16,active
H00653,A00435,neoobyte,marketplace_9,EDFBFAAA0A39A19E57CD9C4E5DA33941978A18C4,stolen_data,2023-05-05,2024-09-10,active
H00654,A00436,neoinstorm,marketplace_13,93DCE81EDBAE8221CDE4D92E7EA6EF125863D8B4,arms,2023-09-25,2024-09-08,active
H00655,A00437,shadinbyte,marketplace_15,F6CB2EBC5D4175F6AF34BCF524700AEB3B7495AC,terror_financing,2023-10-04,2024-05-26,dormant
H00656,A00437,obsentrace,marketplace_18,AF6D1606827CA64AD8EE0F1D10F8C3877E1182F9,terror_financing,2023-01-21,2023-02-03,active
H00657,A00437,zerathphantom,marketplace_1,C7ED52BFF90A8BDD349F9285FB7283F5D6852546,terror_financing,2023-07-21,2024-02-14,active
H00658,A00438,zerexwraith,marketplace_19,A00E3640988BDEF2B83ECC09AD723C9BECFECBFD,hacking_services,2025-05-04,2026-06-28,dormant
H00659,A00439,shadenhex99,marketplace_9,40A4D9AA52FB19F4F4EB98450D2B1D5E7D811CF4,money_laundering,2024-05-07,2024-12-04,active
H00660,A00440,shadarnode,marketplace_14,287162677023380CB8AAFAB49B4C3A286DE8BE6A,arms,2023-07-27,2024-05-31,active
H00661,A00441,nyxafang,marketplace_19,ABCDD76BD82E4AC133D48D9FD56C94DB3FE6DF12,other_illicit,2024-10-27,2025-07-20,active
H00662,A00441,hexathphantom,marketplace_18,1A406E5343B218BC598D5413CADD676B14964C4A,other_illicit,2023-05-15,2024-04-24,active
H00663,A00441,cyintrace,marketplace_7,71FAA928514996B1F8B06751E0488096200EF357,other_illicit,2024-11-20,2025-09-01,active
H00664,A00442,nyxathfang,marketplace_8,FDBA8EC2E4EBF7AA939E35CDD3A76485E142B136,terror_financing,2025-02-13,2026-05-14,active
H00665,A00442,neoarbyte,marketplace_5,D5FA59EF662417E334EB7BAE29522D551CA21088,terror_financing,2025-04-30,2026-07-21,active
H00666,A00443,ghoinstorm,marketplace_7,5D284501E45EC7A5E1EAF3166B610111D64ADFEA,hacking_services,2024-02-06,2024-07-01,active
H00667,A00444,nyxexghost,marketplace_18,E0798D6759CBD92A9D6A3EAF6A2B3FCCBBDAD017,hacking_services,2024-02-28,2024-05-09,active
H00668,A00445,obsorvoid,marketplace_11,8420554A28ABFB6E47FCD18294D9615F127F4543,terror_financing,2023-06-07,2023-09-18,active
H00669,A00446,ravexghost,marketplace_7,645B129C480EDA61E69FCE01E499CDCC97D096D5,money_laundering,2024-01-06,2024-12-07,active
H00670,A00447,darkyl99,marketplace_1,5F5CC464AE5F79D5F18E56788DDC31B39C21CC5C,hacking_services,2023-12-10,2024-10-11,burned
H00671,A00447,nyxulnode,marketplace_17,88807B2DAD27981773703C68FD246FF7025502C6,hacking_services,2024-12-13,2025-09-16,active
H00672,A00447,vorextrace,marketplace_11,0473B46267C6290525F1573DF5135B073EFAC000,hacking_services,2024-05-28,2025-07-03,active
H00673,A00448,vorarnode,marketplace_3,99786F3B2A9F9D33E1E04F451811706935653C00,money_laundering,2024-01-21,2025-04-19,active
H00674,A00448,thrarnode,marketplace_15,8274B5EC5B4152733DEB9565CF032CE33DED405A,money_laundering,2025-05-31,2026-04-13,active
H00675,A00449,ghoex99,marketplace_17,E7055192FA6090B62821A0EAA08A59DFE17F8DEF,other_illicit,2024-02-11,2025-05-13,active
H00676,A00450,nyxorvoid,marketplace_18,91A7AA02F5E5EE74503740B3252680D6C021B059,drugs,2023-01-25,2024-01-03,active
H00677,A00450,cyadealer,marketplace_8,8F22E1C8BEDC62581E0992731338ADFCEED2A48C,drugs,2024-02-15,2024-08-04,active
H00678,A00451,rava_v2,marketplace_2,D9A2FE144608B79E5EE4A641B58F7BF5E566AF05,stolen_data,2024-08-04,2024-10-31,active
H00679,A00452,zeror99,marketplace_20,69C9984E77ACB472DEC54F7A7790C513DD678138,hacking_services,2023-09-06,2024-07-06,active
H00680,A00453,ghoylnode,marketplace_13,D6C5D566BE1988BB396894223EA889AF952959C7,terror_financing,2024-12-07,2025-03-27,burned
H00681,A00454,obsawraith,marketplace_12,D8F58C95E58E6A6FB3B701EA38B278F571AE58A6,terror_financing,2023-03-18,2023-06-18,active
H00682,A00455,ghoorghost,marketplace_17,7FC596128D0DDC30CD7E9342F1CA0D28E2B0335A,hacking_services,2023-04-04,2023-06-24,active
H00683,A00456,shadovoid,marketplace_7,15F5D74351C2894B1ECCE85112928848C0F7F57D,hacking_services,2023-03-25,2023-11-02,active
H00684,A00457,zerylvoid,marketplace_12,EAFD6F570AAFFF6CED0F931B683A08717AD04BDC,hacking_services,2024-01-13,2024-04-18,dormant
H00685,A00457,thrul99,marketplace_19,6B9EC0FA2521294C54C993048B91B7ACB7A587FE,hacking_services,2025-01-03,2025-01-20,burned
H00686,A00458,kryylraven,marketplace_15,E7F8B4A255A9DE12FA55F58DA56CF81417A81E01,other_illicit,2025-01-10,2026-04-22,burned
H00687,A00459,nocacode,marketplace_3,94DAFA7A26FC7A59D294D5081B40C768D22FF6E4,stolen_data,2023-12-17,2024-10-14,burned
H00688,A00460,obsarstorm,marketplace_13,1932F2C17671B99297DD150627F15217DFDFEEE7,terror_financing,2025-07-12,2026-01-16,dormant
H00689,A00461,vorylghost,marketplace_15,A1683A86B3314C6AB671467626B29AA0E04C80D4,stolen_data,2024-01-22,2024-07-09,dormant
H00690,A00462,cyylwraith,marketplace_15,99FD53D9784EE71591DAF5B5157B6EE35B5829B2,money_laundering,2023-10-16,2024-10-27,dormant
H00691,A00463,noculvoid,marketplace_11,AC99D8A470082B594CFBA8F02FFB139CE17DF4A1,arms,2023-03-10,2024-04-06,active
H00692,A00463,nocobyte,marketplace_19,92EF1F78D173D3790F42C8BFA5FB9564CFA2B1DC,arms,2025-07-18,2026-04-11,burned
H00693,A00464,cyylhex99,marketplace_3,DD2DD917D7C8D0ABA3D3276AD6548B24BCC2424D,money_laundering,2025-01-30,2025-10-06,burned
H00694,A00464,nocinx,marketplace_12,F9FD62D71B5F186C55B2D847034F9C03FC632D7E,money_laundering,2024-04-06,2025-06-22,active
H00695,A00464,vorylfang,marketplace_19,C0D4560D6BDF6BFEBC9592090165F606495E9C6A,money_laundering,2025-05-06,2026-02-08,active
H00696,A00465,cyamarket,marketplace_8,4070DAD42A623352EF06CDCC7C9F5275DA8A066F,arms,2025-05-09,2025-12-16,burned
H00697,A00465,darkulvoid,marketplace_11,07FB6B63648A4EADE3A171BCE1E24CA4992B5750,arms,2023-02-20,2024-03-03,active
H00698,A00466,nyxath99,marketplace_9,827C2DBEDB454C3A80498968AEFDC27DAA012BBC,hacking_services,2024-08-24,2025-04-30,dormant
H00699,A00467,obsylstorm,marketplace_5,C03924E0DC3A7D1F1E4040763250DCFD7E506E79,other_illicit,2025-08-26,2025-12-20,active
H00700,A00468,nyxo_v2,marketplace_13,30BCAF96DFF1A8CE672C80A8DF71BD315A6345DD,hacking_services,2024-01-06,2024-08-18,active
H00701,A00469,hexobyte,marketplace_16,A19029C3AE010211E6A8CE79F97C718363ACF274,other_illicit,2025-03-07,2025-12-02,active
H00702,A00470,darkenvoid,marketplace_1,5B23216B9095925AE1747EDECD1C5A26906F6E99,other_illicit,2023-12-25,2024-06-02,active
H00703,A00471,kryarnode,marketplace_4,6E05CC750F3B92A37732FD1AEECEF2441714EAE8,stolen_data,2024-06-06,2024-09-24,active
H00704,A00472,darkartrace,marketplace_20,6D0CEFF358F5CAAE26C9DF8B39A7EB5BE994A4D1,hacking_services,2025-02-09,2026-05-29,active
H00705,A00473,cyaraven,marketplace_12,DF77B2AED9DF1B1D066278DA15FAD179BC676479,arms,2025-02-19,2026-06-17,burned
H00706,A00473,darkinraven,marketplace_4,E1A2AAF4C606584E2C3C5CE8FD56F06B8FE5D363,arms,2025-06-25,2026-01-05,burned
H00707,A00474,ravexfang,marketplace_19,40C5B783B8AB825A728017BC70654DF6A909ECBE,hacking_services,2023-10-15,2023-12-10,active
H00708,A00475,kryexphantom,marketplace_17,64B1D5DAC969EC15605BE59CE6C62C6709C13F5C,stolen_data,2024-08-21,2025-08-31,active
H00709,A00476,neoorghost,marketplace_1,19F922D78717313CD7CD548BA9290AEC45B2309D,other_illicit,2023-08-30,2025-01-04,active
H00710,A00477,noconode,marketplace_14,C09D03E8A63C49820DCF9AF742DB158466B880E2,money_laundering,2025-02-04,2025-03-08,active
H00711,A00478,ravexmarket,marketplace_1,B0570B0DDE38A7763F28EAB8255955052B51B43E,money_laundering,2024-12-04,2025-08-08,dormant
H00712,A00479,kryul99,marketplace_4,5A1A1F7482797175B15F8C4779917FCB8684B067,stolen_data,2025-04-14,2025-07-13,active
H00713,A00480,ghoen99,marketplace_9,741A0A18F3A0A346EF5311F898F732F3F80068BC,arms,2025-04-20,2025-06-18,burned
H00714,A00481,zerorraven,marketplace_17,F6F98CCC0E47CC19F8340306D64B490967B3C04C,hacking_services,2025-07-26,2026-12-03,burned
H00715,A00481,vorath_v2,marketplace_9,B4DD9163D6CF2EA4827A7FC857706B7B4C1B65E7,hacking_services,2025-03-03,2026-03-10,active
H00716,A00482,obsuldealer,marketplace_1,9EA8F6EE181DE29BCAFE7C31680AF6C31093FAD8,hacking_services,2023-03-28,2023-08-15,active
H00717,A00482,threxwraith,marketplace_3,EE2D3CAE57D792318AEDE34CAF52435FB582C093,hacking_services,2023-02-02,2023-10-12,active
H00718,A00483,neoathfang,marketplace_18,186ED63ABCF0F3D8838900181EBD14731D91EF5D,hacking_services,2025-06-15,2025-12-30,burned
H00719,A00483,darkenmarket,marketplace_11,A94E688F4B3F6DDA8EBE7F21A64B1DFE3A6C03F9,hacking_services,2025-01-28,2025-04-30,active
H00720,A00484,vororbyte,marketplace_9,19363DCFEB4F0E34EE3ED6A0D95E50963FDEC45E,terror_financing,2025-08-04,2025-11-02,active
H00721,A00484,vorinfang,marketplace_2,2C72A9D8F4AD19CE516D0C3AB15C2780F72441DC,terror_financing,2023-05-28,2024-06-18,dormant
H00722,A00485,shadylfang,marketplace_11,5853D87A75D2E0B271AE7537CEC9BAB4D3A30E0B,arms,2023-10-21,2024-09-30,active
H00723,A00486,vorox,marketplace_1,F89246AD5AC4C7AD01C5AB2B2FEB26F8A625E688,money_laundering,2024-09-29,2026-02-05,active
H00724,A00486,shadadealer,marketplace_12,D5368D2C8C2A4DA74448E1303835E28187E934C3,money_laundering,2024-06-26,2025-06-01,dormant
H00725,A00486,obsartrace,marketplace_6,00A0A13806690A131AC7AD153723DD9D04259DED,money_laundering,2025-02-11,2026-06-10,active
H00726,A00487,vexylmarket,marketplace_4,6C51E88A25C0407728DBDBF3DCBF3609B197C93C,other_illicit,2023-06-02,2024-06-07,active
H00727,A00488,hexulraven,marketplace_17,64470F48FC835D36BBF8AC30A67917B884FB350D,drugs,2024-01-30,2024-04-22,burned
H00728,A00489,darkyl99,marketplace_13,4ED547D725FA7836BAF15402EF20D49B04C98E7B,terror_financing,2024-09-19,2025-01-07,active
H00729,A00490,obsatrace,marketplace_10,6573DDE1DDF8FF4132190787E5C02EFFB76944A6,drugs,2024-12-14,2025-04-29,burned
H00730,A00491,ghoexhex99,marketplace_20,FFE5EE8BEA153B52399D17C67CF9509EA7B9EF1C,arms,2023-05-13,2023-07-30,burned
H00731,A00492,vorarcode,marketplace_8,14A9D2DF9DEE2D6D27A9A423AE57A128E6FFD4C6,terror_financing,2023-07-01,2024-04-05,burned
H00732,A00492,obsorhex99,marketplace_19,9FE2F4401300385DD1C5A2AFAA381CE30008BF58,terror_financing,2025-07-26,2026-09-09,active
H00733,A00493,noculx,marketplace_16,DB4961B3E3E4A256867A7DEBEFFE684CAFA16209,money_laundering,2025-06-16,2026-06-29,burned
H00734,A00493,cyintrace,marketplace_10,FF250D21F8CCDF8F42E3597BCD7164B6CB4BAECF,money_laundering,2024-03-24,2025-02-03,active
H00735,A00494,ravabyte,marketplace_1,F579EC8D25C286C73C5EAC9871A2ACC601C6C431,drugs,2024-04-30,2025-02-20,active
H00736,A00495,zerathbyte,marketplace_13,9326B6F7DB5F5ACEEF1AB91F25C3A95F01476364,terror_financing,2023-02-27,2023-10-23,dormant
H00737,A00495,neoathvoid,marketplace_9,D0527D92BFF24285B2BD2FDBA547BB4AF0D60445,terror_financing,2024-06-05,2025-04-03,burned
H00738,A00496,nyxendealer,marketplace_8,3B6BD9F5D9F8D8BA1E47303B11FAC9B0A30A030D,other_illicit,2024-07-10,2025-09-30,dormant
H00739,A00496,ravinvoid,marketplace_12,FD26EDC6C9CA7779EE8D76F44D532B056F96F79A,other_illicit,2024-08-31,2025-05-19,active
H00740,A00496,cyulghost,marketplace_5,0A08F4D0FD528BFE7DC0A32E9F7CDB6EBE9BBE37,other_illicit,2023-11-27,2024-02-29,active
H00741,A00497,ghoulx,marketplace_20,2D7A5AF8FFF87E52478EEBC22FABF745101A0A9B,terror_financing,2023-09-17,2024-02-08,active
H00742,A00497,kryylhex99,marketplace_18,91A278959D4F346771DA76B6BFA0C553C0FFAF4F,terror_financing,2024-03-24,2024-07-29,active
H00743,A00498,obsath_v2,marketplace_14,77DCD0FFAA0198B1E4C5020E754CB4E5B9C70A92,hacking_services,2023-09-11,2023-10-15,active
H00744,A00499,nyxylstorm,marketplace_4,E58A2E190FAA60B6CAF4D6B1E0B261DDE5243AC7,arms,2023-03-11,2023-11-10,burned
H00745,A00500,darkathmarket,marketplace_1,A7E4395927F3F70D61B61D86D3DE56CDAD1CFFBB,arms,2025-04-27,2026-08-26,burned
H00746,A00501,ravylghost,marketplace_8,30AEF4B0915A20AAE46AF9BF410493092B1E973C,money_laundering,2025-01-22,2026-05-14,dormant
H00747,A00502,vexaphantom,marketplace_4,ABCD27908EB1119A9144F0C1C997ADB17C66C9F4,arms,2024-03-14,2025-04-20,active
H00748,A00503,hexadealer,marketplace_11,177B29588DC71118B608DF5A390C3E1E62F03CD3,drugs,2025-02-28,2025-11-26,active
H00749,A00504,obsanode,marketplace_8,3B13C8A8DC4BE734B7D34ECEC55BF9F8B11E3E77,drugs,2023-10-29,2024-05-20,active
H00750,A00504,ravathwraith,marketplace_18,D185C288E2DA1883B5D89B4D9B8237E18FD4066E,drugs,2025-02-15,2025-08-16,active
H00751,A00505,ghoexdealer,marketplace_11,D0F939D8805D36B694ABAC264D42683BB20B84B4,other_illicit,2025-01-23,2025-04-27,dormant
H00752,A00506,zerenbyte,marketplace_12,850E5F24C669156F374DF5E774D4EEDE9DA39CEE,other_illicit,2024-02-16,2025-06-02,active
H00753,A00507,ghoulstorm,marketplace_5,26DFBF5CD80A7CDE65162C363FE0A79167663A30,drugs,2024-08-11,2025-01-16,active
H00754,A00508,shadexfang,marketplace_9,D4137B623B87F3BF782A20CD0D57CB19C14D549F,hacking_services,2024-07-07,2025-09-08,burned
H00755,A00509,hexylwraith,marketplace_5,4D37A1D421912AFF0C421FB5DCDB16D2C5391E7F,stolen_data,2023-05-29,2024-09-27,active
H00756,A00510,ghoartrace,marketplace_15,60401AC5C1F059F9AE5275E73A54654E5A813979,arms,2023-03-26,2024-07-20,dormant
H00757,A00511,cyenx,marketplace_12,9B8E11F58D6CD7FBBB08A7FB10FE1163E4327B09,terror_financing,2023-08-29,2024-08-01,active
H00758,A00511,cyyl99,marketplace_10,D803129C0266A50D55C162C84CC773C39146302F,terror_financing,2023-08-03,2023-12-12,active
H00759,A00512,nyxinbyte,marketplace_4,A3B0200ADE7B5D7BB2FD7B5837045CF31CDAD059,arms,2023-10-30,2024-04-19,burned
H00760,A00512,vorath_v2,marketplace_19,E9291BF2FA644FFB5C3AE3C73F3A3228583599B9,arms,2023-06-21,2023-10-07,dormant
H00761,A00513,hexar_v2,marketplace_3,2F820DCA9A1BF068032FC2E0C361334E6722E507,money_laundering,2025-07-26,2026-07-15,active
H00762,A00514,throrvoid,marketplace_13,0022A94C1E4923D86859238FA9CD484471D9422D,drugs,2024-01-02,2025-05-14,burned
H00763,A00515,ravulhex99,marketplace_2,3A478DCA42F9D8A673D8A0D1A9336F379D730F1F,stolen_data,2023-08-18,2024-05-19,burned
H00764,A00516,kryowraith,marketplace_11,7083A89F9F7787BF7DF13DB4B72FA1806F023ACE,drugs,2024-04-08,2025-05-05,active
H00765,A00517,obsoraven,marketplace_20,B1BF428E4CC1C6592D32B81C5F01C62343EA4456,money_laundering,2024-01-03,2024-04-08,active
H00766,A00518,darkyltrace,marketplace_6,6BD3D5E382685FF646AF7F853940851E7F83BE29,other_illicit,2024-05-12,2025-02-01,active
H00767,A00518,thrylcode,marketplace_11,A70BBFF7C95F6EBE473D24427A33276130FA6B15,other_illicit,2023-12-17,2024-01-21,active
H00768,A00518,ghoenghost,marketplace_13,356445751F7AF19637F0BE6F5373D54C106E2B37,other_illicit,2024-02-19,2024-12-20,active
H00769,A00519,zerenfang,marketplace_18,06E8E73376E188C59BA90EF00A7BA46833057A14,terror_financing,2025-01-01,2025-11-13,burned
H00770,A00519,nyxulnode,marketplace_10,AFB7E2BD93A761E0CDDF1C67232D23AA707F6368,terror_financing,2023-10-15,2024-07-02,active
H00771,A00519,nyxulphantom,marketplace_9,E06F60D34109B41F43C58E949D8F74BA1DA40A7C,terror_financing,2023-08-24,2024-05-09,dormant
H00772,A00520,thrathnode,marketplace_4,1BF07AA03D88ADAE2E8951A81B2BADF80513CFA7,other_illicit,2023-05-13,2023-06-04,active
H00773,A00521,thraghost,marketplace_1,1B1CF0288DB9801019109D8B8EC69EB5BD0949CD,arms,2025-06-24,2025-11-12,active
H00774,A00521,kryophantom,marketplace_3,61FA22353CB5B13BA0973A0E2F82D8FFC6317573,arms,2023-11-20,2024-07-14,burned
H00775,A00521,nyxonode,marketplace_8,B9C3D898CD9B589275227E488F5EA2899009CA8C,arms,2024-04-14,2024-11-15,active
H00776,A00522,ghoenmarket,marketplace_19,F0F7FCFD8F6E1A784B33E3D4E9EDEDDC1236B5C8,stolen_data,2024-10-21,2025-11-18,active
H00777,A00522,vexulstorm,marketplace_5,3EDF0BDEA30BD6DF198EFF381BEE14B02BB9891A,stolen_data,2023-12-17,2024-10-17,dormant
H00778,A00523,neoathvoid,marketplace_5,88BAAFCD67A850A0A60E5FF44FCAF185DC07DD05,arms,2024-02-03,2024-12-31,dormant
H00779,A00523,hexinvoid,marketplace_12,596B11FC3DB7FFE848F3D923C6DA0F5A5B13C2BD,arms,2024-03-21,2025-03-14,burned
H00780,A00524,zerexstorm,marketplace_2,1F102669046F975D589302CB3359D817234E38DB,hacking_services,2024-05-06,2025-03-31,burned
H00781,A00525,shadarfang,marketplace_3,1BCDD846966FB959C7FF79A1705EF42E62C5B1AB,stolen_data,2024-10-31,2025-01-23,active
H00782,A00526,darkinghost,marketplace_15,7E4CEF7825DE5FF8FC2190EC5CCA593AF7214090,hacking_services,2024-09-24,2025-08-10,active
H00783,A00527,cyulphantom,marketplace_1,4877E15DBE39C7BA026B62203A9BCE727F112E86,money_laundering,2024-04-16,2025-06-12,active
H00784,A00528,nyxartrace,marketplace_15,53E6E67F120395D5255800D26CA8DC15A287A18F,stolen_data,2023-01-29,2024-03-24,active
H00785,A00528,zerobyte,marketplace_12,9A12A723AD14FC68FFDD1A8AC4AFB08559C81C8D,stolen_data,2023-03-07,2024-05-14,active
H00786,A00528,ravathraven,marketplace_14,835FF3393C1B02FABF15CFCA1889298484CF01B1,stolen_data,2025-03-10,2026-03-28,active
H00787,A00529,vexen99,marketplace_4,5D8E19482D3940EC2E01D287DBF47ECD31A83E2A,hacking_services,2023-08-21,2024-04-11,active
H00788,A00530,cyathhex99,marketplace_16,300EF859BBED3DFF1DDF425579386043B5E5BF76,hacking_services,2024-03-18,2024-04-04,dormant
H00789,A00531,vexulwraith,marketplace_15,51B89EC0255AC416D3014BF12C51C7E17BAB3A3C,other_illicit,2025-07-05,2026-04-09,dormant
H00790,A00531,rava99,marketplace_9,D4CBC6C14B7CF64145A8B10C80EE6F3693110DCA,other_illicit,2025-07-09,2026-01-28,burned
H00791,A00531,ghoarfang,marketplace_2,008D17AD0F1C87FB099E1A718F04F05ED8B3601A,other_illicit,2023-10-27,2024-07-26,active
H00792,A00532,vorathraven,marketplace_4,9F6095F90C55A0E5BA750B4B2AB136A58E22EFB0,drugs,2025-08-07,2026-12-16,active
H00793,A00532,thrulwraith,marketplace_18,820B293400F818B2AD664FD4C8E7E614B561C1BD,drugs,2023-05-06,2023-08-30,active
H00794,A00533,darkinwraith,marketplace_2,6F6924A27DC96D96DB629A8BD3B1A39C73EFD771,terror_financing,2024-03-25,2024-05-15,active
H00795,A00534,thrarfang,marketplace_9,773C04A04F080097DCD9E1F4C15EAFDD6D0B6F61,hacking_services,2023-06-09,2024-08-06,burned
H00796,A00535,thro_v2,marketplace_5,0259EF1EB3C430D6CE52DC00CC25F195B58CA0D2,arms,2023-07-14,2024-10-18,dormant
H00797,A00535,darkinwraith,marketplace_7,EE06311680B88E18768DACE4C153620DDD91AF97,arms,2024-09-03,2024-11-20,active
H00798,A00536,nocar_v2,marketplace_18,5A7E34DF092AAF37E62953FAC48F88763F5E71BF,hacking_services,2023-01-09,2024-03-25,dormant
H00799,A00537,thro_v2,marketplace_2,8C803AEE9DC43FADA4AA948ADCE551E54DF81D03,hacking_services,2024-06-24,2024-12-09,active
H00800,A00538,nyxar99,marketplace_9,6746C44B8DD5DD217BCBF8196F295D4F7B0C1124,terror_financing,2024-06-13,2024-09-14,dormant
H00801,A00538,ghoorbyte,marketplace_4,D2912013DCBA9A97113F8C4F950A54AE61F653DC,terror_financing,2024-02-27,2025-05-23,active
H00802,A00538,hexorwraith,marketplace_8,1E1C23F26804B10D854ED8799DA4DB1A69FF822D,terror_financing,2025-04-20,2026-05-31,active
H00803,A00539,hexylstorm,marketplace_12,FABFA5182BA55713C87074FE8997749BEDF919FE,arms,2024-12-18,2025-10-17,active
H00804,A00540,hexuldealer,marketplace_13,46930DE201E995572C84344DBBF15920ABF2B878,terror_financing,2025-01-06,2025-06-05,active
H00805,A00541,ravarghost,marketplace_12,6881E00D627A97AE8A0F63452325C9432A88F6EE,money_laundering,2024-10-28,2025-01-21,active
H00806,A00541,voro_v2,marketplace_4,0B0C4C65EC5864DAE40F18F1F7EFFA56D6C39B88,money_laundering,2024-05-14,2024-06-22,active
H00807,A00542,zeryl_v2,marketplace_19,45C403DB3AA5F9EF3BA7662E7269FAC2D3ECB143,arms,2024-11-20,2025-03-24,active
H00808,A00542,ravonode,marketplace_18,FD9BE10B34A71D630A6FC65E5F9C55CFA622B586,arms,2025-04-01,2025-04-21,burned
H00809,A00543,nyxulstorm,marketplace_1,399883C8AC586804FE2BE7DA0E1A34B23062DE40,arms,2024-03-31,2024-09-23,dormant
H00810,A00544,thryl99,marketplace_4,D2DCEC02A18780205CBAEC9EBDCBE64FF921A0DA,drugs,2023-10-08,2024-03-08,burned
H00811,A00545,shadulghost,marketplace_5,D539F0D3CA7E70A6950F2D461C3B1F31DC3C17DE,drugs,2023-09-05,2024-01-17,active
H00812,A00546,cyathdealer,marketplace_2,ED639DE1C1E8D24470F9FE486EBCCD5E85701E2A,hacking_services,2023-10-03,2023-12-12,active
H00813,A00547,shadastorm,marketplace_11,6CE422ACE280559C937E2DA18563BD7F2732B327,stolen_data,2024-08-27,2025-03-06,dormant
H00814,A00548,nyxulbyte,marketplace_1,9D9981B2A3784F225D10D1D2992DDC33FE4850DF,money_laundering,2023-10-10,2025-01-24,active
H00815,A00548,vorenhex99,marketplace_20,4808FFAF59017162B2D2EBD5499ED838B65B2120,money_laundering,2024-07-24,2024-08-18,active
H00816,A00549,hexulcode,marketplace_13,4EFF1A95D57BB8688527033AAFC83B36BB756FB0,hacking_services,2023-08-06,2023-12-28,burned
H00817,A00549,obsathfang,marketplace_8,3EA5A474878436BFDAD50F67B00D8AA19591F5C5,hacking_services,2025-02-15,2025-06-15,active
H00818,A00550,obsar_v2,marketplace_17,0D5BE6C01BB44D462DEB022B64E06939EFACD6F2,other_illicit,2025-02-05,2025-05-18,active
H00819,A00550,obsendealer,marketplace_15,00A752547CAEB6FC89A35AC454068D884C361E2C,other_illicit,2024-03-26,2025-02-01,active
H00820,A00551,ghoylphantom,marketplace_14,1C6442C4C095FBF317D60BCAD5A1C9246A50C022,terror_financing,2024-09-11,2025-07-24,active
H00821,A00551,ghoulnode,marketplace_19,6C07D0A9886F4365DFFD6722197971FFAC853312,terror_financing,2024-04-16,2024-06-15,burned
H00822,A00551,nyxin_v2,marketplace_7,527335CBE9C06146342F3E09574FA22A50D6083C,terror_financing,2025-05-18,2026-06-14,active
H00823,A00552,kryawraith,marketplace_15,0B73102E5A27C546026E15029028CC27C1EF4F51,money_laundering,2023-06-21,2024-09-21,active
H00824,A00553,kryarhex99,marketplace_19,776B03C5D4A2198C3F71B2A36740CE61490F926A,drugs,2024-07-18,2024-07-31,burned
H00825,A00554,neoarbyte,marketplace_14,7C7BF8673A00093C4CFB129D738CB0078BB9C951,arms,2024-02-29,2024-08-29,active
H00826,A00555,neoextrace,marketplace_20,3CB30C03FB1EA35CEFB08C3C5496DBDF50408F20,drugs,2023-01-22,2023-04-13,active
H00827,A00556,nyxorghost,marketplace_11,2894F3E9A629BBB01140DB9F6AD84E486D21058A,arms,2023-08-21,2024-01-23,active
H00828,A00557,kryin_v2,marketplace_4,146D0E93F1D055B5AA62682ED550B92FB813C7E1,money_laundering,2023-09-28,2024-10-05,active
H00829,A00558,cyathstorm,marketplace_9,66C305DBD341C9C8DFC8EBC5A18B12974BE05D30,arms,2023-06-18,2024-04-06,active
H00830,A00558,vexylwraith,marketplace_18,874AA4075DA331B561A60DF70717903DFEC4230A,arms,2024-06-17,2024-12-20,active
H00831,A00559,obsyldealer,marketplace_4,99B80D397EDF6973ABDFDAE5C5D75F6587F1621A,arms,2024-04-14,2024-05-11,dormant
H00832,A00559,voravoid,marketplace_19,27960EC74EC2D1B23F05857D7E86E7126286926B,arms,2024-02-20,2025-03-27,dormant
H00833,A00560,cyawraith,marketplace_14,9EC50E68EF7B938ABD9E623CA5CC7F00876139BF,arms,2023-05-27,2024-01-03,burned
H00834,A00560,cyorhex99,marketplace_18,D01821499C55D2E68C1E6D6286226E44609A0707,arms,2025-01-23,2026-05-03,active
H00835,A00561,nyxorvoid,marketplace_3,5F6D367F45F32BB65B71526CF2D17792FEC04F90,drugs,2024-02-16,2024-07-21,dormant
H00836,A00562,cyoraven,marketplace_9,072DF257E7A7145E38DB7A7D4751E59D32AD571C,other_illicit,2024-06-27,2025-03-24,dormant
H00837,A00563,ghoordealer,marketplace_3,12824089E3516D49E9AC56ED2F74EED0D6A27D1D,money_laundering,2024-11-26,2025-09-26,active
H00838,A00564,obsenvoid,marketplace_10,7DC77FBD28B7AFEFFB48A7D26E9956C19488A05B,hacking_services,2024-12-15,2025-07-24,dormant
H00839,A00564,shadexwraith,marketplace_3,F5A2C307ED65907096F825D0CAA30D3E0F662749,hacking_services,2024-05-23,2025-04-25,active
H00840,A00565,obsinnode,marketplace_16,B12CBEBBAF9C6420F0AC1AAF6931C00DC3D2A62E,money_laundering,2025-03-24,2025-10-07,dormant
H00841,A00566,nocylx,marketplace_6,E22967CEAEAB8C0C685D0B6759DCC13EA193906D,terror_financing,2023-10-28,2024-04-04,active
H00842,A00567,darkorwraith,marketplace_17,7E1556099625268AAE01F5ACCF471C6DBE6E2B31,hacking_services,2023-12-08,2024-02-09,active
H00843,A00567,kryath_v2,marketplace_15,FCFB6448CF6E2DFAAE3409A8058964CEC837CCF8,hacking_services,2023-04-12,2023-08-20,burned
H00844,A00567,threnx,marketplace_9,0FD72937A191998E85E1E4B98A4FD21A8E5F81EA,hacking_services,2024-06-17,2025-01-31,active
H00845,A00568,kryofang,marketplace_8,E507AD30BFFE0FB03665ACEF9C72FF2C5DDED2C7,arms,2025-08-11,2025-12-28,active
H00846,A00568,kryarwraith,marketplace_4,7064D49D908CCB8FE0A7C9878A9343EC51125785,arms,2025-02-22,2025-12-16,burned
H00847,A00569,obsextrace,marketplace_1,B7CA09BCDD1125662A49083AEA84EDD25FE6777A,drugs,2025-03-19,2026-03-09,dormant
H00848,A00570,zerinvoid,marketplace_20,AECC2D5B1D9206292F75DB468DBB9D24178DE5D8,other_illicit,2023-01-21,2023-03-19,active
H00849,A00570,cyulmarket,marketplace_10,5396A6A85AD4D0F279EA2781E82A0B481BA8DB24,other_illicit,2024-11-22,2024-12-28,active
H00850,A00570,shadorwraith,marketplace_5,3BE6E4A7073A8C978840A801563B1FF70A601786,other_illicit,2024-02-16,2025-01-06,active
H00851,A00571,hexylhex99,marketplace_6,BBC49FBCBE7779620B2BEE50AF57E602DB9C0E9A,terror_financing,2023-05-26,2023-06-17,dormant
H00852,A00571,voror_v2,marketplace_13,065E3EBEA1141FA418C1E960C88FF65149880F73,terror_financing,2023-06-11,2024-05-28,burned
H00853,A00572,nocowraith,marketplace_18,2516CF52C84D2CDD8F20F7B5EADB40736002C275,hacking_services,2024-10-30,2025-09-24,active
H00854,A00573,shadathghost,marketplace_19,2CC861C09473CF4649C88F31C1C1DE7FE5283311,hacking_services,2025-08-15,2025-09-17,dormant
H00855,A00574,vexindealer,marketplace_20,133E1BC8EDABEBE077CEA8F206F9CA56109A6686,money_laundering,2023-01-27,2023-10-21,active
H00856,A00575,ravathbyte,marketplace_18,004CEBA8EB6D92D64A23F4616B52F5C770180D23,drugs,2023-06-28,2023-07-21,active
H00857,A00576,nocarbyte,marketplace_17,CAEF4234E3C303EDD7B42A4DF6E320E0CDD8D939,arms,2023-11-06,2024-04-19,dormant
H00858,A00576,vorulghost,marketplace_1,DA6E95A5AEECFF7B2CC1757F0380B1E2B3C74719,arms,2025-06-26,2025-11-03,dormant
H00859,A00577,cyylhex99,marketplace_5,7792C40D52ADC1601B268686D7AD1FE79F4983DE,stolen_data,2023-03-19,2024-03-22,dormant
H00860,A00577,ravendealer,marketplace_11,970D9F9464C79F05A3D519B84C4EF6735A34ECC7,stolen_data,2023-05-28,2023-07-25,active
H00861,A00577,rava_v2,marketplace_14,88EDA549CCA3D52FB2E37B49A8E0A00BE8A1FDD9,stolen_data,2023-01-08,2023-05-29,burned
H00862,A00578,zerarwraith,marketplace_10,5ED1F76B9548B493C06B793FDB9D38333139E725,arms,2023-04-28,2023-08-31,burned
H00863,A00579,vorenvoid,marketplace_8,9034EF24EF3ACA603E98F80060551C83CA9147ED,hacking_services,2025-08-21,2026-10-17,active
H00864,A00580,zerathcode,marketplace_14,057CAD5D100B0300700A6E4CF54160E212D556EC,drugs,2024-10-17,2025-04-08,dormant
H00865,A00581,vorabyte,marketplace_12,E04E4594D6A795C6F8AB21477BBBE478C63D20BA,stolen_data,2023-10-03,2023-11-17,burned
H00866,A00582,vexex99,marketplace_7,28192DEA515E38A8223F58A9F88115D5CB0F5010,hacking_services,2023-01-19,2024-01-21,active
H00867,A00583,hexathghost,marketplace_1,6AEA44ABBD08D003A346C48599F104B31CE498D1,hacking_services,2023-03-24,2024-01-19,burned
H00868,A00584,zerathdealer,marketplace_16,9EC716AE40311D78E9208414560AFBE76D5FCBEB,drugs,2025-05-07,2025-10-11,active
H00869,A00584,voren99,marketplace_20,ACB0DC8F5C9F371115AB8C8A779EB4899E0939B1,drugs,2023-12-22,2024-03-12,active
H00870,A00584,kryarstorm,marketplace_6,F1DA323C36EBBA855367492EE2203CEE96C180A4,drugs,2024-11-13,2025-12-09,dormant
H00871,A00585,kryulvoid,marketplace_9,F869FC6D2C2FEC9A1962DA52E10A624D0BAF9149,arms,2023-08-17,2024-08-11,active
H00872,A00586,nyxorraven,marketplace_18,B35D271F7E637B93578A565B159BAF23C5E86A39,stolen_data,2025-02-19,2026-06-26,burned
H00873,A00587,nyxocode,marketplace_14,63E81421C0FC798668D05C67BC82C5F15A43B287,terror_financing,2023-07-25,2023-10-11,active
H00874,A00588,neoormarket,marketplace_4,B189B5C147A9F4581AB71C237008B4FB5681F1BD,money_laundering,2023-05-14,2024-04-20,burned
H00875,A00588,vexarfang,marketplace_16,ABBC7B2486E9C11BBF660E4CC09098EB03EA0ADC,money_laundering,2025-03-24,2026-07-09,active
H00876,A00589,vorenx,marketplace_17,F45659518701C7231DF37C7A229414C34465D380,hacking_services,2024-10-23,2025-05-24,active
H00877,A00589,hexylghost,marketplace_2,44845970474100364E5587A1F37A75AC3FD588DF,hacking_services,2024-10-13,2025-03-19,dormant
H00878,A00590,thrul_v2,marketplace_18,EB6C28060E11C77C14F63ADF5D2F6D549AFEE659,terror_financing,2025-02-10,2026-05-25,active
H00879,A00591,obsexnode,marketplace_5,557626A556A0C4F091389259A5548BCE077B18D5,money_laundering,2024-03-18,2024-06-21,burned
H00880,A00591,neoathvoid,marketplace_3,3B6A76EB20A718AFBB15BF475600F0D2D99CE9EB,money_laundering,2024-12-09,2025-03-25,active
H00881,A00591,cyinfang,marketplace_9,BCB1C44E05A4B8331BBD5924DDED081AC9F176D8,money_laundering,2025-01-30,2025-12-23,active
H00882,A00592,shadorraven,marketplace_11,874D297916F2B486312AD70B7255B5C8E9EE1DEC,other_illicit,2025-01-02,2025-04-01,active
H00883,A00592,zerorfang,marketplace_7,1E0E212134990BC9433F90088211E562950960D9,other_illicit,2023-10-16,2024-01-17,active
H00884,A00593,nyxovoid,marketplace_3,620BB062BEA1CD0DEB38387B2AC0B384EF142A7C,arms,2023-03-17,2023-04-26,active
H00885,A00593,cyaphantom,marketplace_5,D5F386B6831C3DA08F5AB631F6F2540E4A19A590,arms,2023-04-18,2023-10-16,burned
H00886,A00594,kryulcode,marketplace_2,A77D13072381035E345E92A84B869A14CD85F7DC,drugs,2025-01-27,2025-12-15,dormant
H00887,A00595,shadylphantom,marketplace_18,54E4860DFFF7CEE20F04817B2763BE5157DC2C50,money_laundering,2025-06-18,2025-08-09,active
H00888,A00595,hexexraven,marketplace_3,34CC1DD32080705FCF6D0D766B1CCCFD0AB001A1,money_laundering,2024-04-01,2025-06-08,burned
H00889,A00596,vexulnode,marketplace_7,B11BBD99292486D2C1B051EC23396DF80742EE82,hacking_services,2023-02-14,2023-09-25,active
H00890,A00597,shadovoid,marketplace_14,6FA63AEB45A17C1616DF9DEBCFB6A2A78F964F03,drugs,2023-12-07,2024-06-24,active
H00891,A00597,zerotrace,marketplace_15,6F20307404783C00EBFB3CC20FC8981879C2D445,drugs,2023-02-28,2023-10-30,dormant
H00892,A00598,shadylvoid,marketplace_15,15C059DBA42ACC866E8B621579ED299877E7C11A,hacking_services,2024-03-17,2024-05-19,dormant
H00893,A00598,ravathghost,marketplace_5,EC6368500595FA569C2A253DFC0D120CDAE594BD,hacking_services,2023-12-14,2024-04-16,active
H00894,A00599,thrylvoid,marketplace_19,199A07C668CC0389C14CA7572B60F0E319FD02B1,stolen_data,2023-08-12,2024-06-02,burned
H00895,A00600,ravylphantom,marketplace_8,548B8266F39F94B0E97416B11EDEEAA01A6AFC17,hacking_services,2025-08-10,2026-01-08,dormant
H00896,A00600,neoarx,marketplace_20,2858F82B2D74ADD28587D9A2E5EBFF61C28C02F8,hacking_services,2025-05-29,2026-01-25,active
